Order ID,Product,Quantity Ordered,Price Each,Order Date,Purchase Address
162009,iPhone,1,700,03/28/19 20:59,"942 Church St, Austin, TX 73301"
162009,Lightning Charging Cable,1,14.95,03/28/19 20:59,"942 Church St, Austin, TX 73301"
162009,Wired Headphones,2,11.99,03/28/19 20:59,"942 Church St, Austin, TX 73301"
162010,Bose SoundSport Headphones,1,99.99,03/17/19 05:39,"261 10th St, San Francisco, CA 94016"
162011,34in Ultrawide Monitor,1,379.99,03-10-2019 00:01,"764 13th St, San Francisco, CA 94016"
162012,AA Batteries (4-pack),1,3.84,03/20/19 21:33,"187 Ridge St, San Francisco, CA 94016"
162013,34in Ultrawide Monitor,1,379.99,03/15/19 23:05,"904 Main St, Austin, TX 73301"
162014,USB-C Charging Cable,1,11.95,03-01-2019 21:33,"10 13th St, San Francisco, CA 94016"
162015,AA Batteries (4-pack),1,3.84,03-02-2019 08:52,"949 Jefferson St, Boston, MA 02215"
162016,AAA Batteries (4-pack),5,2.99,03/19/19 21:10,"469 Highland St, Atlanta, GA 30301"
162017,Lightning Charging Cable,1,14.95,03-02-2019 13:55,"449 River St, San Francisco, CA 94016"
162018,USB-C Charging Cable,2,11.95,03/18/19 11:07,"925 Maple St, Portland, OR 97035"
162019,AAA Batteries (4-pack),1,2.99,03-05-2019 12:20,"639 4th St, Atlanta, GA 30301"
162020,LG Washing Machine,1,600,03/26/19 18:17,"616 Jackson St, Dallas, TX 75001"
162021,Wired Headphones,1,11.99,03/30/19 12:02,"645 Wilson St, Los Angeles, CA 90001"
162022,AA Batteries (4-pack),1,3.84,03/17/19 22:18,"473 Hill St, New York City, NY 10001"
162023,Apple Airpods Headphones,1,150,03-11-2019 20:00,"404 Park St, San Francisco, CA 94016"
162024,27in 4K Gaming Monitor,1,389.99,03/17/19 09:22,"952 Willow St, Atlanta, GA 30301"
162025,AAA Batteries (4-pack),1,2.99,03-07-2019 20:50,"110 7th St, Boston, MA 02215"
162026,iPhone,1,700,03/22/19 22:31,"71 Pine St, Austin, TX 73301"
162027,AAA Batteries (4-pack),1,2.99,03/16/19 20:52,"421 Main St, Los Angeles, CA 90001"
162028,AAA Batteries (4-pack),3,2.99,03/20/19 15:23,"739 1st St, San Francisco, CA 94016"
162029,AAA Batteries (4-pack),1,2.99,03/26/19 12:17,"141 North St, Atlanta, GA 30301"
162030,Google Phone,1,600,03-09-2019 16:50,"463 4th St, San Francisco, CA 94016"
162031,Lightning Charging Cable,1,14.95,03/28/19 17:03,"131 Johnson St, Boston, MA 02215"
162032,Lightning Charging Cable,1,14.95,03/31/19 10:39,"498 4th St, Los Angeles, CA 90001"
162033,iPhone,1,700,03/19/19 11:06,"267 Johnson St, Dallas, TX 75001"
162034,USB-C Charging Cable,1,11.95,03/26/19 20:34,"104 Center St, Seattle, WA 98101"
162035,Macbook Pro Laptop,1,1700,03-08-2019 13:07,"44 4th St, Los Angeles, CA 90001"
162036,Lightning Charging Cable,1,14.95,03-09-2019 19:39,"905 Spruce St, San Francisco, CA 94016"
162037,iPhone,1,700,03/23/19 02:11,"277 Elm St, Los Angeles, CA 90001"
162037,Lightning Charging Cable,1,14.95,03/23/19 02:11,"277 Elm St, Los Angeles, CA 90001"
162038,AAA Batteries (4-pack),2,2.99,03/18/19 20:31,"53 10th St, Atlanta, GA 30301"
162039,AA Batteries (4-pack),1,3.84,03/29/19 12:01,"175 West St, San Francisco, CA 94016"
162040,USB-C Charging Cable,1,11.95,03/25/19 09:11,"973 North St, Austin, TX 73301"
162041,Apple Airpods Headphones,1,150,03/14/19 01:01,"633 13th St, Austin, TX 73301"
162042,USB-C Charging Cable,1,11.95,03-09-2019 22:39,"661 7th St, San Francisco, CA 94016"
162043,AA Batteries (4-pack),1,3.84,03/29/19 10:59,"883 Walnut St, Atlanta, GA 30301"
162044,27in FHD Monitor,1,149.99,03/22/19 10:11,"469 9th St, Dallas, TX 75001"
162045,Apple Airpods Headphones,1,150,03/26/19 13:31,"906 Park St, New York City, NY 10001"
162046,AAA Batteries (4-pack),2,2.99,03/20/19 20:33,"661 1st St, San Francisco, CA 94016"
162047,Bose SoundSport Headphones,1,99.99,03-08-2019 18:41,"819 9th St, Austin, TX 73301"
162048,AA Batteries (4-pack),1,3.84,03/31/19 19:24,"819 Main St, New York City, NY 10001"
162049,Lightning Charging Cable,1,14.95,03/25/19 13:35,"307 Chestnut St, Austin, TX 73301"
162050,AAA Batteries (4-pack),1,2.99,03/26/19 17:09,"870 Spruce St, Boston, MA 02215"
162051,AAA Batteries (4-pack),1,2.99,03-12-2019 09:12,"565 South St, Boston, MA 02215"
162052,Wired Headphones,1,11.99,03-11-2019 09:44,"971 Washington St, Los Angeles, CA 90001"
162053,iPhone,1,700,03-10-2019 18:29,"660 7th St, Seattle, WA 98101"
162054,Wired Headphones,1,11.99,03/20/19 00:42,"358 5th St, San Francisco, CA 94016"
162055,AA Batteries (4-pack),1,3.84,03/29/19 09:21,"675 8th St, Los Angeles, CA 90001"
162056,Wired Headphones,1,11.99,03/17/19 10:24,"55 Adams St, San Francisco, CA 94016"
162057,Wired Headphones,1,11.99,03/30/19 18:44,"485 Maple St, Los Angeles, CA 90001"
162058,27in FHD Monitor,1,149.99,03/30/19 02:30,"510 Church St, New York City, NY 10001"
162059,USB-C Charging Cable,1,11.95,03-03-2019 05:47,"602 Willow St, Seattle, WA 98101"
162060,AAA Batteries (4-pack),3,2.99,03-10-2019 16:04,"703 Lake St, Seattle, WA 98101"
162061,Wired Headphones,1,11.99,03-01-2019 22:07,"967 10th St, New York City, NY 10001"
162062,AAA Batteries (4-pack),1,2.99,03/24/19 03:37,"235 Park St, Portland, OR 97035"
162063,AAA Batteries (4-pack),2,2.99,03-02-2019 11:58,"693 12th St, Austin, TX 73301"
162064,Macbook Pro Laptop,1,1700,03-05-2019 09:00,"414 Willow St, San Francisco, CA 94016"
162065,Google Phone,1,600,03-02-2019 13:18,"862 Spruce St, San Francisco, CA 94016"
162066,AA Batteries (4-pack),1,3.84,03/13/19 13:57,"602 Pine St, New York City, NY 10001"
162066,USB-C Charging Cable,2,11.95,03/13/19 13:57,"602 Pine St, New York City, NY 10001"
162067,ThinkPad Laptop,1,999.99,03-07-2019 23:40,"4 Cedar St, San Francisco, CA 94016"
162068,Wired Headphones,1,11.99,03/24/19 12:25,"117 1st St, Austin, TX 73301"
162069,AA Batteries (4-pack),1,3.84,03/15/19 16:53,"853 Park St, Boston, MA 02215"
162070,27in FHD Monitor,1,149.99,03/15/19 18:19,"859 South St, Los Angeles, CA 90001"
162071,Vareebadd Phone,1,400,03/30/19 20:23,"334 Jackson St, Atlanta, GA 30301"
162071,USB-C Charging Cable,1,11.95,03/30/19 20:23,"334 Jackson St, Atlanta, GA 30301"
162072,AA Batteries (4-pack),1,3.84,03-02-2019 12:04,"945 Adams St, New York City, NY 10001"
162073,Bose SoundSport Headphones,1,99.99,03/23/19 20:52,"573 Lakeview St, San Francisco, CA 94016"
162074,Apple Airpods Headphones,1,150,03-05-2019 12:45,"928 Dogwood St, San Francisco, CA 94016"
162075,Apple Airpods Headphones,1,150,03-11-2019 09:19,"456 7th St, New York City, NY 10001"
162076,Wired Headphones,1,11.99,03-04-2019 09:12,"424 Wilson St, Dallas, TX 75001"
162077,AAA Batteries (4-pack),1,2.99,03/22/19 11:54,"783 Johnson St, New York City, NY 10001"
162078,Lightning Charging Cable,1,14.95,03-02-2019 16:48,"167 North St, San Francisco, CA 94016"
162079,Google Phone,1,600,03/24/19 21:36,"144 West St, Los Angeles, CA 90001"
162080,Apple Airpods Headphones,1,150,03/24/19 09:37,"245 Chestnut St, Boston, MA 02215"
162081,Lightning Charging Cable,1,14.95,03/26/19 20:58,"183 Dogwood St, Los Angeles, CA 90001"
162082,Vareebadd Phone,1,400,03-09-2019 14:15,"401 Wilson St, New York City, NY 10001"
162082,Wired Headphones,1,11.99,03-09-2019 14:15,"401 Wilson St, New York City, NY 10001"
162083,Wired Headphones,1,11.99,03/27/19 19:04,"162 Lakeview St, Atlanta, GA 30301"
162084,iPhone,1,700,03/27/19 12:53,"585 14th St, Los Angeles, CA 90001"
162085,Lightning Charging Cable,1,14.95,03/24/19 19:52,"705 Highland St, San Francisco, CA 94016"
162086,Google Phone,1,600,03/18/19 09:12,"410 Chestnut St, New York City, NY 10001"
162087,Google Phone,1,600,03/18/19 13:58,"303 Chestnut St, Boston, MA 02215"
162087,USB-C Charging Cable,1,11.95,03/18/19 13:58,"303 Chestnut St, Boston, MA 02215"
162088,Google Phone,1,600,03-02-2019 15:50,"231 Jackson St, Los Angeles, CA 90001"
162089,Wired Headphones,1,11.99,03-07-2019 12:25,"692 13th St, New York City, NY 10001"
162090,Bose SoundSport Headphones,1,99.99,03-12-2019 13:03,"747 Wilson St, Austin, TX 73301"
162091,Bose SoundSport Headphones,1,99.99,03/18/19 08:13,"926 Main St, Boston, MA 02215"
162092,Flatscreen TV,1,300,03/18/19 11:29,"477 11th St, Seattle, WA 98101"
162092,AAA Batteries (4-pack),1,2.99,03/18/19 11:29,"477 11th St, Seattle, WA 98101"
162093,Vareebadd Phone,1,400,03/19/19 11:32,"855 Lakeview St, Boston, MA 02215"
162094,ThinkPad Laptop,1,999.99,03/21/19 03:42,"959 River St, Atlanta, GA 30301"
162095,Wired Headphones,1,11.99,03/29/19 13:18,"628 Lakeview St, Seattle, WA 98101"
162096,Bose SoundSport Headphones,1,99.99,03-04-2019 00:20,"323 Hill St, New York City, NY 10001"
162097,Flatscreen TV,1,300,03/28/19 13:43,"929 Elm St, New York City, NY 10001"
162098,Flatscreen TV,1,300,03-07-2019 15:44,"84 Center St, New York City, NY 10001"
162099,USB-C Charging Cable,1,11.95,03-03-2019 00:18,"598 Washington St, Los Angeles, CA 90001"
162100,Wired Headphones,1,11.99,03-04-2019 00:17,"635 Spruce St, Boston, MA 02215"
162101,Macbook Pro Laptop,1,1700,03/30/19 10:47,"253 11th St, Seattle, WA 98101"
162102,Wired Headphones,1,11.99,03/31/19 19:51,"69 Center St, New York City, NY 10001"
162103,AAA Batteries (4-pack),1,2.99,03/18/19 20:50,"860 Main St, Portland, OR 97035"
162104,Lightning Charging Cable,1,14.95,03-05-2019 15:25,"572 Walnut St, New York City, NY 10001"
162105,USB-C Charging Cable,1,11.95,03-09-2019 08:45,"911 South St, Seattle, WA 98101"
162106,AA Batteries (4-pack),1,3.84,03-02-2019 15:25,"484 Cedar St, Los Angeles, CA 90001"
162107,Wired Headphones,1,11.99,03/29/19 15:15,"260 14th St, Austin, TX 73301"
162108,USB-C Charging Cable,2,11.95,03/26/19 11:38,"113 7th St, Los Angeles, CA 90001"
162109,Lightning Charging Cable,1,14.95,03/25/19 11:12,"686 5th St, New York City, NY 10001"
162110,20in Monitor,1,109.99,03/15/19 09:05,"705 South St, Los Angeles, CA 90001"
162111,AA Batteries (4-pack),3,3.84,03-08-2019 16:59,"561 West St, San Francisco, CA 94016"
162112,34in Ultrawide Monitor,1,379.99,03/15/19 21:52,"953 Spruce St, Boston, MA 02215"
162113,Bose SoundSport Headphones,1,99.99,03/27/19 13:09,"365 Cherry St, San Francisco, CA 94016"
162114,Lightning Charging Cable,1,14.95,03/21/19 14:29,"577 South St, Atlanta, GA 30301"
162115,Flatscreen TV,1,300,03/26/19 08:06,"93 Sunset St, San Francisco, CA 94016"
162116,USB-C Charging Cable,1,11.95,03-09-2019 11:48,"446 Adams St, Dallas, TX 75001"
162117,Wired Headphones,1,11.99,03-11-2019 14:12,"82 Lake St, New York City, NY 10001"
162118,iPhone,1,700,03-10-2019 22:32,"888 13th St, San Francisco, CA 94016"
162119,27in FHD Monitor,1,149.99,03-06-2019 13:46,"980 2nd St, Austin, TX 73301"
162120,Macbook Pro Laptop,1,1700,03/15/19 18:43,"969 Washington St, Dallas, TX 75001"
162121,USB-C Charging Cable,1,11.95,03/20/19 13:05,"355 Main St, Portland, OR 97035"
162122,AAA Batteries (4-pack),1,2.99,03-06-2019 10:22,"354 9th St, Seattle, WA 98101"
162123,Bose SoundSport Headphones,1,99.99,03/13/19 18:02,"295 South St, San Francisco, CA 94016"
162124,Macbook Pro Laptop,1,1700,03/27/19 09:52,"8 West St, San Francisco, CA 94016"
162125,27in 4K Gaming Monitor,1,389.99,03/29/19 12:16,"987 Chestnut St, San Francisco, CA 94016"
162126,Apple Airpods Headphones,1,150,03/17/19 19:41,"895 Jefferson St, Los Angeles, CA 90001"
162127,Macbook Pro Laptop,1,1700,03/25/19 13:08,"603 12th St, San Francisco, CA 94016"
162128,USB-C Charging Cable,1,11.95,03/23/19 22:59,"490 Jackson St, Seattle, WA 98101"
162129,AAA Batteries (4-pack),1,2.99,03-11-2019 16:14,"962 Church St, San Francisco, CA 94016"
162130,USB-C Charging Cable,1,11.95,03-08-2019 12:17,"211 Pine St, Dallas, TX 75001"
162131,USB-C Charging Cable,1,11.95,03-10-2019 23:29,"334 Madison St, Boston, MA 02215"
162132,AA Batteries (4-pack),1,3.84,03/15/19 06:52,"488 7th St, Boston, MA 02215"
162133,AA Batteries (4-pack),1,3.84,03-10-2019 09:28,"986 6th St, Seattle, WA 98101"
162134,Vareebadd Phone,1,400,03/17/19 20:36,"186 North St, Atlanta, GA 30301"
162135,USB-C Charging Cable,1,11.95,03/23/19 22:58,"112 Madison St, New York City, NY 10001"
162136,AA Batteries (4-pack),1,3.84,03/28/19 11:13,"708 4th St, San Francisco, CA 94016"
162137,Bose SoundSport Headphones,1,99.99,03/14/19 16:05,"275 Elm St, New York City, NY 10001"
162138,20in Monitor,1,109.99,03/19/19 10:10,"628 Forest St, Seattle, WA 98101"
162139,34in Ultrawide Monitor,1,379.99,03/21/19 12:21,"869 9th St, New York City, NY 10001"
162140,ThinkPad Laptop,1,999.99,03-06-2019 23:34,"622 Meadow St, Seattle, WA 98101"
162141,Lightning Charging Cable,1,14.95,03-08-2019 19:03,"289 Chestnut St, New York City, NY 10001"
162142,Vareebadd Phone,1,400,03-01-2019 12:57,"479 Maple St, Atlanta, GA 30301"
162142,AA Batteries (4-pack),1,3.84,03-01-2019 12:57,"479 Maple St, Atlanta, GA 30301"
162143,USB-C Charging Cable,1,11.95,03-09-2019 13:26,"886 12th St, San Francisco, CA 94016"
162144,Macbook Pro Laptop,1,1700,03/24/19 13:04,"342 Dogwood St, San Francisco, CA 94016"
162145,Bose SoundSport Headphones,1,99.99,03-11-2019 16:56,"680 10th St, New York City, NY 10001"
162146,Apple Airpods Headphones,1,150,03-11-2019 22:20,"326 Wilson St, Seattle, WA 98101"
162147,Wired Headphones,1,11.99,03-05-2019 10:53,"310 Forest St, Austin, TX 73301"
162148,USB-C Charging Cable,1,11.95,03/17/19 23:55,"434 4th St, Los Angeles, CA 90001"
162149,Apple Airpods Headphones,1,150,03-05-2019 00:36,"371 Forest St, Austin, TX 73301"
162150,AA Batteries (4-pack),1,3.84,03/28/19 22:21,"963 4th St, Boston, MA 02215"
162151,Bose SoundSport Headphones,1,99.99,03/25/19 20:11,"53 Washington St, Dallas, TX 75001"
162152,Lightning Charging Cable,1,14.95,03/24/19 09:42,"727 Lake St, Atlanta, GA 30301"
162153,27in FHD Monitor,1,149.99,03-08-2019 08:31,"647 Madison St, New York City, NY 10001"
162154,ThinkPad Laptop,1,999.99,03/30/19 10:18,"932 Forest St, Los Angeles, CA 90001"
162155,AA Batteries (4-pack),1,3.84,03/28/19 16:35,"706 11th St, Los Angeles, CA 90001"
162156,Wired Headphones,1,11.99,03-01-2019 22:47,"352 6th St, Portland, OR 97035"
162157,Flatscreen TV,1,300,03/27/19 18:56,"620 13th St, Boston, MA 02215"
162158,USB-C Charging Cable,1,11.95,03/20/19 17:50,"865 Hill St, San Francisco, CA 94016"
162159,Wired Headphones,1,11.99,03/30/19 13:29,"776 9th St, Los Angeles, CA 90001"
162160,Apple Airpods Headphones,1,150,03-12-2019 19:50,"414 11th St, San Francisco, CA 94016"
162161,Wired Headphones,1,11.99,03/30/19 19:20,"853 14th St, Seattle, WA 98101"
162161,AAA Batteries (4-pack),2,2.99,03/30/19 19:20,"853 14th St, Seattle, WA 98101"
162162,Lightning Charging Cable,1,14.95,03-05-2019 08:32,"435 Hill St, New York City, NY 10001"
162163,Flatscreen TV,1,300,03/25/19 07:48,"61 Sunset St, Los Angeles, CA 90001"
162164,AA Batteries (4-pack),1,3.84,03-01-2019 16:05,"954 2nd St, San Francisco, CA 94016"
162165,Macbook Pro Laptop,1,1700,03-12-2019 12:32,"911 Sunset St, San Francisco, CA 94016"
162166,AAA Batteries (4-pack),1,2.99,03-06-2019 21:36,"989 Ridge St, Los Angeles, CA 90001"
162167,AA Batteries (4-pack),1,3.84,03-02-2019 13:36,"713 13th St, Dallas, TX 75001"
162168,34in Ultrawide Monitor,1,379.99,03/20/19 10:26,"699 11th St, Boston, MA 02215"
162169,27in 4K Gaming Monitor,1,389.99,03-11-2019 13:43,"500 River St, Dallas, TX 75001"
162170,Wired Headphones,2,11.99,03/16/19 11:14,"397 10th St, San Francisco, CA 94016"
162171,Lightning Charging Cable,1,14.95,03/16/19 12:10,"597 11th St, New York City, NY 10001"
162172,Wired Headphones,1,11.99,03-03-2019 18:34,"176 Cherry St, San Francisco, CA 94016"
162173,Bose SoundSport Headphones,1,99.99,03-07-2019 14:09,"973 14th St, Los Angeles, CA 90001"
162174,27in 4K Gaming Monitor,1,389.99,03-05-2019 18:44,"844 Main St, Seattle, WA 98101"
162175,Lightning Charging Cable,1,14.95,03-02-2019 11:09,"510 Forest St, Austin, TX 73301"
162176,Apple Airpods Headphones,1,150,03/31/19 19:38,"917 Chestnut St, Atlanta, GA 30301"
162177,ThinkPad Laptop,1,999.99,03/22/19 19:40,"323 14th St, Los Angeles, CA 90001"
162178,Lightning Charging Cable,1,14.95,03-11-2019 18:11,"436 Wilson St, Boston, MA 02215"
162179,AAA Batteries (4-pack),1,2.99,03/25/19 12:40,"712 Maple St, Seattle, WA 98101"
162180,Flatscreen TV,1,300,03/17/19 14:55,"945 Willow St, Los Angeles, CA 90001"
162181,Macbook Pro Laptop,1,1700,03-03-2019 13:15,"423 Lake St, Los Angeles, CA 90001"
162182,Google Phone,1,600,03/19/19 13:01,"455 Church St, Los Angeles, CA 90001"
162183,AA Batteries (4-pack),1,3.84,03-08-2019 16:22,"427 Adams St, Los Angeles, CA 90001"
162184,AA Batteries (4-pack),1,3.84,03/23/19 16:51,"285 Ridge St, San Francisco, CA 94016"
162185,USB-C Charging Cable,1,11.95,03-03-2019 07:26,"297 12th St, Los Angeles, CA 90001"
162186,AAA Batteries (4-pack),5,2.99,03-05-2019 14:17,"180 Wilson St, Los Angeles, CA 90001"
162187,Google Phone,1,600,03/16/19 10:34,"964 9th St, San Francisco, CA 94016"
162187,USB-C Charging Cable,1,11.95,03/16/19 10:34,"964 9th St, San Francisco, CA 94016"
162188,AAA Batteries (4-pack),1,2.99,03-02-2019 20:28,"971 7th St, New York City, NY 10001"
162189,iPhone,1,700,03/23/19 14:06,"892 11th St, San Francisco, CA 94016"
162189,Lightning Charging Cable,1,14.95,03/23/19 14:06,"892 11th St, San Francisco, CA 94016"
162189,27in 4K Gaming Monitor,1,389.99,03/23/19 14:06,"892 11th St, San Francisco, CA 94016"
162190,Wired Headphones,1,11.99,03-04-2019 20:47,"478 Madison St, Boston, MA 02215"
162191,Apple Airpods Headphones,1,150,03-05-2019 20:49,"6 5th St, New York City, NY 10001"
162192,AAA Batteries (4-pack),3,2.99,03-06-2019 18:27,"269 Highland St, Dallas, TX 75001"
162193,Lightning Charging Cable,1,14.95,03/14/19 10:27,"29 Walnut St, San Francisco, CA 94016"
162194,27in FHD Monitor,1,149.99,03/21/19 21:22,"224 Cedar St, Austin, TX 73301"
162195,AAA Batteries (4-pack),3,2.99,03/25/19 07:23,"439 Madison St, Boston, MA 02215"
162196,AA Batteries (4-pack),1,3.84,03/24/19 09:22,"164 Johnson St, Portland, OR 97035"
162197,Macbook Pro Laptop,1,1700,03-01-2019 15:30,"85 Chestnut St, San Francisco, CA 94016"
162198,Bose SoundSport Headphones,1,99.99,03/16/19 19:18,"322 Washington St, San Francisco, CA 94016"
162199,Macbook Pro Laptop,1,1700,03-03-2019 17:41,"939 Dogwood St, Seattle, WA 98101"
162200,20in Monitor,1,109.99,03/15/19 14:50,"596 Meadow St, San Francisco, CA 94016"
162201,Apple Airpods Headphones,1,150,03/29/19 13:22,"608 Lincoln St, New York City, NY 10001"
162202,27in FHD Monitor,1,149.99,03/28/19 23:33,"975 North St, New York City, NY 10001"
162203,USB-C Charging Cable,1,11.95,03/21/19 10:24,"50 Hill St, San Francisco, CA 94016"
162204,Wired Headphones,1,11.99,03-08-2019 12:24,"555 8th St, Los Angeles, CA 90001"
162205,AAA Batteries (4-pack),3,2.99,03/27/19 19:28,"490 Lincoln St, San Francisco, CA 94016"
162206,AA Batteries (4-pack),1,3.84,03-02-2019 19:20,"482 Meadow St, New York City, NY 10001"
162207,34in Ultrawide Monitor,1,379.99,03-02-2019 12:54,"69 Adams St, Atlanta, GA 30301"
162208,Lightning Charging Cable,1,14.95,03-11-2019 16:08,"534 Lakeview St, San Francisco, CA 94016"
162209,AAA Batteries (4-pack),1,2.99,03/18/19 01:48,"873 Jefferson St, Atlanta, GA 30301"
162210,USB-C Charging Cable,1,11.95,03/19/19 17:42,"331 Lake St, San Francisco, CA 94016"
162211,Wired Headphones,1,11.99,03/15/19 05:02,"819 Lake St, Seattle, WA 98101"
162212,USB-C Charging Cable,2,11.95,03/31/19 12:42,"700 North St, Boston, MA 02215"
162213,AA Batteries (4-pack),1,3.84,03/21/19 09:58,"72 Highland St, Seattle, WA 98101"
162214,AA Batteries (4-pack),1,3.84,03/16/19 07:09,"688 Chestnut St, Seattle, WA 98101"
162215,AAA Batteries (4-pack),1,2.99,03-11-2019 12:06,"688 Hickory St, Los Angeles, CA 90001"
162215,Macbook Pro Laptop,1,1700,03-11-2019 12:06,"688 Hickory St, Los Angeles, CA 90001"
162216,ThinkPad Laptop,1,999.99,03/20/19 11:03,"406 Sunset St, Boston, MA 02215"
162217,Wired Headphones,1,11.99,03-07-2019 16:30,"293 8th St, Los Angeles, CA 90001"
162218,Apple Airpods Headphones,1,150,03-05-2019 19:53,"115 Madison St, Los Angeles, CA 90001"
162219,Apple Airpods Headphones,1,150,03/31/19 21:28,"63 8th St, Boston, MA 02215"
162220,Bose SoundSport Headphones,1,99.99,03-06-2019 17:33,"505 Hill St, San Francisco, CA 94016"
162221,Apple Airpods Headphones,1,150,03-09-2019 21:44,"927 Jackson St, New York City, NY 10001"
162222,Bose SoundSport Headphones,1,99.99,03/14/19 06:36,"300 Meadow St, Boston, MA 02215"
162223,AAA Batteries (4-pack),1,2.99,03/24/19 10:47,"248 12th St, San Francisco, CA 94016"
162224,27in FHD Monitor,1,149.99,03/23/19 07:28,"858 Pine St, Atlanta, GA 30301"
162225,AA Batteries (4-pack),2,3.84,03/30/19 17:01,"830 Hickory St, Dallas, TX 75001"
162226,AA Batteries (4-pack),2,3.84,03/25/19 21:36,"858 5th St, Boston, MA 02215"
162227,AA Batteries (4-pack),3,3.84,03/30/19 19:45,"925 Jackson St, San Francisco, CA 94016"
162228,Lightning Charging Cable,1,14.95,03/14/19 09:46,"102 Meadow St, San Francisco, CA 94016"
162229,27in FHD Monitor,1,149.99,03/27/19 13:13,"823 Lake St, San Francisco, CA 94016"
162230,Lightning Charging Cable,1,14.95,03/30/19 16:55,"819 Park St, Los Angeles, CA 90001"
162231,AA Batteries (4-pack),2,3.84,03-04-2019 19:42,"123 Jefferson St, Dallas, TX 75001"
162232,27in 4K Gaming Monitor,1,389.99,03-09-2019 12:45,"66 Park St, Los Angeles, CA 90001"
162233,Macbook Pro Laptop,1,1700,03/29/19 19:32,"944 Ridge St, Seattle, WA 98101"
162234,AA Batteries (4-pack),1,3.84,03-06-2019 13:39,"250 Johnson St, San Francisco, CA 94016"
162235,27in FHD Monitor,1,149.99,03-11-2019 22:05,"122 7th St, Dallas, TX 75001"
162236,Wired Headphones,1,11.99,03/28/19 18:33,"298 Elm St, Atlanta, GA 30301"
162237,Lightning Charging Cable,2,14.95,03/23/19 16:22,"89 Chestnut St, New York City, NY 10001"
162238,AA Batteries (4-pack),1,3.84,03/14/19 17:16,"102 Willow St, Dallas, TX 75001"
162239,ThinkPad Laptop,1,999.99,03-10-2019 19:45,"543 11th St, Austin, TX 73301"
162240,Lightning Charging Cable,1,14.95,03/30/19 00:13,"572 Park St, Boston, MA 02215"
162241,Macbook Pro Laptop,1,1700,03/30/19 11:58,"162 5th St, San Francisco, CA 94016"
162242,AAA Batteries (4-pack),1,2.99,03/14/19 20:32,"712 5th St, Portland, OR 97035"
162243,Lightning Charging Cable,1,14.95,03/15/19 19:18,"301 Walnut St, San Francisco, CA 94016"
162244,Google Phone,1,600,03/23/19 23:33,"76 Center St, San Francisco, CA 94016"
162244,USB-C Charging Cable,1,11.95,03/23/19 23:33,"76 Center St, San Francisco, CA 94016"
162245,AAA Batteries (4-pack),1,2.99,03/17/19 18:18,"238 West St, San Francisco, CA 94016"
162246,27in FHD Monitor,1,149.99,03-01-2019 12:12,"28 Adams St, Atlanta, GA 30301"
162247,27in FHD Monitor,1,149.99,03/22/19 15:47,"10 Elm St, Austin, TX 73301"
162248,Wired Headphones,1,11.99,03/14/19 16:03,"685 5th St, San Francisco, CA 94016"
162249,Bose SoundSport Headphones,1,99.99,03/27/19 19:50,"951 Forest St, New York City, NY 10001"
162250,Flatscreen TV,1,300,03/16/19 10:47,"984 8th St, Los Angeles, CA 90001"
162251,27in FHD Monitor,1,149.99,03/29/19 15:10,"495 Lake St, San Francisco, CA 94016"
162252,Wired Headphones,2,11.99,03-09-2019 05:31,"5 Maple St, San Francisco, CA 94016"
162253,USB-C Charging Cable,1,11.95,03-07-2019 22:15,"574 Walnut St, Boston, MA 02215"
162254,Macbook Pro Laptop,1,1700,03-09-2019 10:48,"786 River St, San Francisco, CA 94016"
162255,27in FHD Monitor,1,149.99,03-06-2019 11:21,"622 Highland St, Dallas, TX 75001"
162256,20in Monitor,1,109.99,03/15/19 11:55,"217 4th St, New York City, NY 10001"
162257,AA Batteries (4-pack),1,3.84,03/30/19 12:01,"977 Meadow St, Atlanta, GA 30301"
162258,Bose SoundSport Headphones,1,99.99,03/20/19 19:09,"874 Cherry St, New York City, NY 10001"
162259,27in 4K Gaming Monitor,1,389.99,03/14/19 10:07,"415 Wilson St, New York City, NY 10001"
162260,Apple Airpods Headphones,1,150,03/29/19 12:08,"188 North St, Seattle, WA 98101"
162261,Bose SoundSport Headphones,1,99.99,03/24/19 06:54,"825 Lakeview St, Dallas, TX 75001"
162262,Wired Headphones,1,11.99,03-08-2019 22:17,"625 Main St, Atlanta, GA 30301"
162263,Wired Headphones,1,11.99,03-05-2019 22:06,"230 Elm St, Dallas, TX 75001"
162264,Apple Airpods Headphones,1,150,03/13/19 18:06,"604 6th St, Portland, OR 97035"
162265,Wired Headphones,1,11.99,03-12-2019 08:12,"882 Park St, Los Angeles, CA 90001"
162266,AA Batteries (4-pack),1,3.84,03/13/19 08:34,"697 Jackson St, New York City, NY 10001"
162267,Bose SoundSport Headphones,1,99.99,03/26/19 14:07,"61 10th St, Dallas, TX 75001"
162268,Lightning Charging Cable,1,14.95,03/30/19 20:26,"528 Pine St, Los Angeles, CA 90001"
162269,Wired Headphones,1,11.99,03-03-2019 01:30,"99 Sunset St, San Francisco, CA 94016"
162270,Macbook Pro Laptop,1,1700,03-07-2019 11:45,"98 Elm St, Los Angeles, CA 90001"
162271,Lightning Charging Cable,1,14.95,03/26/19 10:37,"557 Hickory St, San Francisco, CA 94016"
162272,Lightning Charging Cable,1,14.95,03/16/19 09:30,"322 10th St, Los Angeles, CA 90001"
162273,Google Phone,1,600,03/20/19 18:36,"368 Washington St, New York City, NY 10001"
162274,Lightning Charging Cable,1,14.95,03-07-2019 09:06,"152 2nd St, Atlanta, GA 30301"
162275,Wired Headphones,1,11.99,03-12-2019 20:22,"558 Cherry St, Seattle, WA 98101"
162276,Bose SoundSport Headphones,1,99.99,03-11-2019 06:54,"882 Jefferson St, Los Angeles, CA 90001"
162277,27in 4K Gaming Monitor,1,389.99,03/26/19 22:06,"392 Maple St, Seattle, WA 98101"
162278,Bose SoundSport Headphones,1,99.99,03/23/19 14:02,"488 Jackson St, Boston, MA 02215"
162279,Google Phone,1,600,03-12-2019 19:03,"231 Highland St, San Francisco, CA 94016"
162280,Bose SoundSport Headphones,1,99.99,03-05-2019 11:48,"525 12th St, New York City, NY 10001"
162281,Lightning Charging Cable,2,14.95,03-10-2019 15:31,"774 4th St, Seattle, WA 98101"
162282,USB-C Charging Cable,1,11.95,03-03-2019 02:06,"6 10th St, Austin, TX 73301"
162283,AA Batteries (4-pack),1,3.84,03-05-2019 20:33,"959 12th St, Boston, MA 02215"
162284,Lightning Charging Cable,1,14.95,03-05-2019 22:25,"544 Elm St, Los Angeles, CA 90001"
162285,27in FHD Monitor,1,149.99,03/13/19 21:40,"491 Walnut St, San Francisco, CA 94016"
162286,iPhone,1,700,03/25/19 12:49,"805 5th St, New York City, NY 10001"
162287,Google Phone,1,600,03/30/19 10:02,"89 6th St, Atlanta, GA 30301"
162288,20in Monitor,1,109.99,03-01-2019 09:19,"113 7th St, Dallas, TX 75001"
162289,USB-C Charging Cable,1,11.95,03/18/19 04:46,"528 Pine St, Seattle, WA 98101"
162290,27in 4K Gaming Monitor,1,389.99,03/13/19 20:36,"809 Ridge St, Dallas, TX 75001"
162291,Lightning Charging Cable,1,14.95,03-12-2019 12:08,"72 Chestnut St, Los Angeles, CA 90001"
162292,Lightning Charging Cable,1,14.95,03-08-2019 06:56,"327 Park St, Atlanta, GA 30301"
162293,20in Monitor,1,109.99,03-04-2019 17:57,"332 2nd St, Dallas, TX 75001"
162294,Vareebadd Phone,1,400,03-10-2019 11:57,"769 8th St, Atlanta, GA 30301"
162295,AAA Batteries (4-pack),1,2.99,03/18/19 19:17,"279 Center St, Seattle, WA 98101"
162296,Lightning Charging Cable,1,14.95,03-10-2019 19:12,"884 River St, Seattle, WA 98101"
162297,Apple Airpods Headphones,1,150,03-12-2019 17:48,"466 Dogwood St, Boston, MA 02215"
162297,20in Monitor,1,109.99,03-12-2019 17:48,"466 Dogwood St, Boston, MA 02215"
162298,AA Batteries (4-pack),1,3.84,03/15/19 21:34,"175 Spruce St, New York City, NY 10001"
162299,27in FHD Monitor,1,149.99,03-03-2019 10:40,"244 Highland St, Los Angeles, CA 90001"
162300,Lightning Charging Cable,1,14.95,03-12-2019 14:47,"222 14th St, Austin, TX 73301"
162301,USB-C Charging Cable,1,11.95,03/23/19 10:49,"315 2nd St, Austin, TX 73301"
162302,USB-C Charging Cable,2,11.95,03-06-2019 18:30,"456 1st St, San Francisco, CA 94016"
162303,Wired Headphones,1,11.99,03-06-2019 20:38,"291 Lincoln St, Seattle, WA 98101"
162304,AA Batteries (4-pack),1,3.84,03/20/19 22:44,"215 Washington St, San Francisco, CA 94016"
162305,iPhone,1,700,03/26/19 17:08,"460 Hickory St, Dallas, TX 75001"
162306,iPhone,1,700,03-10-2019 19:33,"116 Hill St, Seattle, WA 98101"
162307,Wired Headphones,1,11.99,03/29/19 06:31,"504 Highland St, San Francisco, CA 94016"
162308,ThinkPad Laptop,1,999.99,03/18/19 19:25,"814 Church St, Portland, OR 97035"
162309,USB-C Charging Cable,1,11.95,03/27/19 13:00,"678 North St, Boston, MA 02215"
162310,AAA Batteries (4-pack),2,2.99,03-12-2019 11:42,"782 Adams St, Boston, MA 02215"
162311,27in FHD Monitor,2,149.99,03/29/19 09:06,"902 Jackson St, Atlanta, GA 30301"
162312,USB-C Charging Cable,1,11.95,03-09-2019 14:11,"935 14th St, San Francisco, CA 94016"
162313,ThinkPad Laptop,1,999.99,03/25/19 10:52,"956 9th St, San Francisco, CA 94016"
162314,Lightning Charging Cable,1,14.95,03/22/19 08:47,"178 Dogwood St, Austin, TX 73301"
162315,27in FHD Monitor,1,149.99,03-12-2019 21:36,"184 1st St, New York City, NY 10001"
162316,AAA Batteries (4-pack),1,2.99,03-08-2019 13:19,"739 Lake St, New York City, NY 10001"
162317,AA Batteries (4-pack),1,3.84,03/20/19 15:31,"95 River St, Los Angeles, CA 90001"
162318,Lightning Charging Cable,2,14.95,03/13/19 05:24,"540 9th St, San Francisco, CA 94016"
162319,USB-C Charging Cable,1,11.95,03/14/19 16:50,"636 6th St, Los Angeles, CA 90001"
162320,Lightning Charging Cable,1,14.95,03/24/19 11:28,"26 West St, Boston, MA 02215"
162321,USB-C Charging Cable,1,11.95,03-04-2019 12:35,"546 Church St, Los Angeles, CA 90001"
162322,AA Batteries (4-pack),1,3.84,03/23/19 20:35,"752 Sunset St, Portland, OR 97035"
162323,27in FHD Monitor,1,149.99,03-05-2019 11:48,"667 Elm St, New York City, NY 10001"
162324,Apple Airpods Headphones,1,150,03-10-2019 11:58,"511 Walnut St, Portland, OR 97035"
162325,iPhone,1,700,03/26/19 23:54,"789 6th St, Los Angeles, CA 90001"
162326,Bose SoundSport Headphones,2,99.99,03/30/19 19:40,"639 Church St, San Francisco, CA 94016"
162327,20in Monitor,1,109.99,03-09-2019 01:51,"100 North St, New York City, NY 10001"
162328,Wired Headphones,1,11.99,03/31/19 13:06,"153 10th St, Dallas, TX 75001"
162329,Vareebadd Phone,1,400,03/26/19 14:50,"42 Sunset St, Boston, MA 02215"
162329,USB-C Charging Cable,1,11.95,03/26/19 14:50,"42 Sunset St, Boston, MA 02215"
162330,Macbook Pro Laptop,1,1700,03/25/19 06:04,"89 Elm St, New York City, NY 10001"
162331,Wired Headphones,1,11.99,03-03-2019 15:40,"295 Wilson St, Portland, OR 97035"
162332,Flatscreen TV,1,300,03/20/19 14:23,"925 10th St, Atlanta, GA 30301"
162332,Flatscreen TV,1,300,03/20/19 14:23,"925 10th St, Atlanta, GA 30301"
162333,AA Batteries (4-pack),4,3.84,03/28/19 18:34,"269 2nd St, Atlanta, GA 30301"
162334,27in 4K Gaming Monitor,1,389.99,03/31/19 11:16,"342 Spruce St, San Francisco, CA 94016"
162335,AAA Batteries (4-pack),1,2.99,03/22/19 22:43,"495 Cedar St, Boston, MA 02215"
162336,AAA Batteries (4-pack),3,2.99,03-12-2019 20:10,"689 Maple St, San Francisco, CA 94016"
162337,Bose SoundSport Headphones,1,99.99,03-10-2019 13:10,"485 Meadow St, Los Angeles, CA 90001"
162338,iPhone,1,700,03/22/19 00:42,"516 Madison St, Los Angeles, CA 90001"
162339,Wired Headphones,1,11.99,03/22/19 16:20,"95 Hickory St, New York City, NY 10001"
162340,AAA Batteries (4-pack),2,2.99,03/13/19 19:15,"39 6th St, Portland, OR 97035"
162341,Lightning Charging Cable,1,14.95,03/26/19 19:33,"164 Spruce St, Boston, MA 02215"
162342,USB-C Charging Cable,1,11.95,03/15/19 21:32,"568 13th St, San Francisco, CA 94016"
162343,AAA Batteries (4-pack),1,2.99,03-02-2019 20:38,"372 Highland St, New York City, NY 10001"
162344,27in 4K Gaming Monitor,1,389.99,03/24/19 06:41,"484 Spruce St, San Francisco, CA 94016"
162345,USB-C Charging Cable,2,11.95,03/28/19 21:32,"970 Maple St, San Francisco, CA 94016"
162346,AAA Batteries (4-pack),2,2.99,03/30/19 10:58,"179 Jefferson St, New York City, NY 10001"
162347,34in Ultrawide Monitor,1,379.99,03/31/19 19:04,"805 Jackson St, Austin, TX 73301"
162347,Lightning Charging Cable,1,14.95,03/31/19 19:04,"805 Jackson St, Austin, TX 73301"
162348,USB-C Charging Cable,1,11.95,03/18/19 13:49,"616 14th St, New York City, NY 10001"
162349,USB-C Charging Cable,1,11.95,03-08-2019 13:33,"402 5th St, Los Angeles, CA 90001"
162350,Apple Airpods Headphones,1,150,03/20/19 17:16,"509 Highland St, Atlanta, GA 30301"
162351,AA Batteries (4-pack),3,3.84,03/22/19 11:25,"519 12th St, Austin, TX 73301"
162352,AAA Batteries (4-pack),6,2.99,03/24/19 22:57,"319 Cedar St, Dallas, TX 75001"
162352,Bose SoundSport Headphones,1,99.99,03/24/19 22:57,"319 Cedar St, Dallas, TX 75001"
162353,Wired Headphones,2,11.99,03/26/19 14:06,"858 Lincoln St, New York City, NY 10001"
162354,AA Batteries (4-pack),1,3.84,03-06-2019 18:08,"653 Johnson St, Dallas, TX 75001"
162355,Lightning Charging Cable,1,14.95,03-04-2019 18:40,"749 Park St, Los Angeles, CA 90001"
162356,Lightning Charging Cable,1,14.95,03/15/19 11:55,"456 11th St, Dallas, TX 75001"
162357,Apple Airpods Headphones,1,150,03-03-2019 13:51,"300 Park St, Atlanta, GA 30301"
162358,Flatscreen TV,1,300,04-01-2019 01:11,"444 12th St, New York City, NY 10001"
162359,Lightning Charging Cable,1,14.95,03/23/19 18:00,"260 Cherry St, New York City, NY 10001"
162360,AAA Batteries (4-pack),3,2.99,03-10-2019 21:52,"764 Lake St, Boston, MA 02215"
162361,Vareebadd Phone,1,400,03-04-2019 22:50,"594 Spruce St, Atlanta, GA 30301"
162361,Wired Headphones,1,11.99,03-04-2019 22:50,"594 Spruce St, Atlanta, GA 30301"
162362,AAA Batteries (4-pack),1,2.99,03/17/19 12:44,"930 Forest St, Atlanta, GA 30301"
162363,Bose SoundSport Headphones,1,99.99,03-10-2019 15:17,"196 11th St, Los Angeles, CA 90001"
162364,iPhone,1,700,03-01-2019 19:42,"78 South St, Boston, MA 02215"
162364,Lightning Charging Cable,1,14.95,03-01-2019 19:42,"78 South St, Boston, MA 02215"
162365,Apple Airpods Headphones,1,150,03/22/19 09:20,"633 Highland St, San Francisco, CA 94016"
162366,USB-C Charging Cable,1,11.95,03-02-2019 18:36,"848 North St, Portland, OR 97035"
162367,Apple Airpods Headphones,1,150,03/23/19 14:58,"825 Walnut St, Los Angeles, CA 90001"
162368,Lightning Charging Cable,1,14.95,03-11-2019 18:04,"82 Park St, San Francisco, CA 94016"
162368,Wired Headphones,1,11.99,03-11-2019 18:04,"82 Park St, San Francisco, CA 94016"
162369,USB-C Charging Cable,3,11.95,03-08-2019 20:00,"110 Jefferson St, Dallas, TX 75001"
162370,20in Monitor,1,109.99,03-11-2019 19:53,"235 Cedar St, Dallas, TX 75001"
162371,AA Batteries (4-pack),1,3.84,03-09-2019 17:57,"807 Sunset St, Los Angeles, CA 90001"
162372,AA Batteries (4-pack),1,3.84,03-07-2019 15:08,"17 1st St, Dallas, TX 75001"
162373,AA Batteries (4-pack),1,3.84,03/18/19 14:41,"414 South St, New York City, NY 10001"
162374,Flatscreen TV,1,300,03-02-2019 20:17,"400 13th St, Boston, MA 02215"
162375,Lightning Charging Cable,1,14.95,03/25/19 11:31,"911 Pine St, Atlanta, GA 30301"
162376,iPhone,1,700,03-02-2019 21:09,"555 Cedar St, Seattle, WA 98101"
162376,Wired Headphones,1,11.99,03-02-2019 21:09,"555 Cedar St, Seattle, WA 98101"
162377,ThinkPad Laptop,1,999.99,03/20/19 08:55,"557 5th St, Austin, TX 73301"
162378,Lightning Charging Cable,1,14.95,03/24/19 06:00,"116 Main St, Atlanta, GA 30301"
162379,Lightning Charging Cable,1,14.95,03/31/19 21:23,"566 Hill St, Portland, OR 97035"
162380,Lightning Charging Cable,1,14.95,03/20/19 06:54,"615 Cedar St, Los Angeles, CA 90001"
162381,AA Batteries (4-pack),1,3.84,03/31/19 18:32,"11 11th St, Boston, MA 02215"
162381,iPhone,1,700,03/31/19 18:32,"11 11th St, Boston, MA 02215"
162382,Google Phone,1,600,03/13/19 11:46,"239 Cedar St, Los Angeles, CA 90001"
162383,USB-C Charging Cable,1,11.95,03/23/19 00:45,"424 Cedar St, New York City, NY 10001"
162384,iPhone,1,700,03/17/19 06:45,"388 Madison St, San Francisco, CA 94016"
162385,Wired Headphones,1,11.99,03/24/19 17:46,"378 West St, Los Angeles, CA 90001"
162386,Lightning Charging Cable,1,14.95,03-11-2019 18:30,"907 Cedar St, Seattle, WA 98101"
162387,ThinkPad Laptop,1,999.99,03/25/19 18:39,"831 River St, New York City, NY 10001"
162388,AA Batteries (4-pack),1,3.84,03/30/19 13:28,"87 5th St, San Francisco, CA 94016"
162389,USB-C Charging Cable,1,11.95,03-07-2019 08:40,"322 South St, San Francisco, CA 94016"
162390,AAA Batteries (4-pack),2,2.99,03/30/19 09:29,"454 West St, Boston, MA 02215"
162391,iPhone,1,700,03/16/19 13:24,"444 Highland St, Dallas, TX 75001"
162391,Apple Airpods Headphones,1,150,03/16/19 13:24,"444 Highland St, Dallas, TX 75001"
162392,iPhone,1,700,03-09-2019 10:55,"692 6th St, Dallas, TX 75001"
162393,Lightning Charging Cable,1,14.95,03-03-2019 21:07,"279 Main St, Atlanta, GA 30301"
162394,Google Phone,1,600,03-04-2019 18:51,"608 9th St, San Francisco, CA 94016"
162395,USB-C Charging Cable,1,11.95,03/16/19 09:52,"588 5th St, San Francisco, CA 94016"
162396,27in FHD Monitor,1,149.99,03-08-2019 21:42,"345 Main St, Dallas, TX 75001"
162397,AA Batteries (4-pack),1,3.84,03/31/19 19:56,"13 Lincoln St, San Francisco, CA 94016"
162398,AA Batteries (4-pack),3,3.84,03-01-2019 14:36,"242 Sunset St, Dallas, TX 75001"
162399,Google Phone,1,600,03/18/19 14:26,"91 Forest St, Austin, TX 73301"
162400,Lightning Charging Cable,1,14.95,03-06-2019 21:23,"810 West St, Boston, MA 02215"
162401,Bose SoundSport Headphones,1,99.99,03-10-2019 23:25,"808 Spruce St, Seattle, WA 98101"
162402,Bose SoundSport Headphones,1,99.99,03-09-2019 19:15,"951 Jefferson St, Seattle, WA 98101"
162403,AA Batteries (4-pack),1,3.84,03/21/19 20:35,"53 5th St, Atlanta, GA 30301"
162404,Flatscreen TV,1,300,03/30/19 23:04,"724 Jefferson St, San Francisco, CA 94016"
162405,AAA Batteries (4-pack),1,2.99,03/27/19 17:27,"802 Forest St, Boston, MA 02215"
162406,Google Phone,1,600,03/15/19 17:12,"471 1st St, Atlanta, GA 30301"
162407,AAA Batteries (4-pack),1,2.99,03-05-2019 17:51,"921 Chestnut St, Boston, MA 02215"
162408,Google Phone,1,600,03/24/19 23:45,"392 Ridge St, Los Angeles, CA 90001"
162408,Wired Headphones,1,11.99,03/24/19 23:45,"392 Ridge St, Los Angeles, CA 90001"
162409,Apple Airpods Headphones,1,150,03/17/19 19:20,"811 14th St, San Francisco, CA 94016"
162409,Wired Headphones,1,11.99,03/17/19 19:20,"811 14th St, San Francisco, CA 94016"
162410,Apple Airpods Headphones,1,150,03-05-2019 12:18,"777 South St, Atlanta, GA 30301"
162411,AAA Batteries (4-pack),1,2.99,03/20/19 09:46,"704 7th St, San Francisco, CA 94016"
162412,Apple Airpods Headphones,1,150,03/22/19 19:20,"564 2nd St, New York City, NY 10001"
162413,34in Ultrawide Monitor,1,379.99,03/18/19 12:52,"210 Main St, Los Angeles, CA 90001"
Order ID,Product,Quantity Ordered,Price Each,Order Date,Purchase Address
162414,iPhone,1,700,03/17/19 10:48,"262 9th St, Boston, MA 02215"
162415,Wired Headphones,1,11.99,03/20/19 19:40,"416 1st St, Austin, TX 73301"
162416,Wired Headphones,1,11.99,03/30/19 08:19,"542 Dogwood St, New York City, NY 10001"
162417,USB-C Charging Cable,1,11.95,03-01-2019 18:46,"113 Wilson St, Los Angeles, CA 90001"
162418,Wired Headphones,1,11.99,03-04-2019 11:57,"911 West St, Los Angeles, CA 90001"
162419,USB-C Charging Cable,2,11.95,03/21/19 18:20,"715 Jackson St, Los Angeles, CA 90001"
162420,Lightning Charging Cable,1,14.95,03/19/19 22:47,"396 South St, Dallas, TX 75001"
162421,AA Batteries (4-pack),2,3.84,03/31/19 14:12,"802 Lincoln St, New York City, NY 10001"
162422,Lightning Charging Cable,1,14.95,03/26/19 00:10,"477 12th St, New York City, NY 10001"
162423,Macbook Pro Laptop,1,1700,03-03-2019 15:13,"552 Adams St, Portland, OR 97035"
162424,AA Batteries (4-pack),1,3.84,03-04-2019 19:35,"747 Chestnut St, Austin, TX 73301"
162425,AAA Batteries (4-pack),2,2.99,03/27/19 11:41,"930 9th St, Los Angeles, CA 90001"
162426,USB-C Charging Cable,1,11.95,03/17/19 19:54,"569 Hickory St, San Francisco, CA 94016"
162427,27in FHD Monitor,1,149.99,03/27/19 20:52,"7 2nd St, San Francisco, CA 94016"
162428,Wired Headphones,1,11.99,03/15/19 17:39,"170 Madison St, Seattle, WA 98101"
162429,USB-C Charging Cable,1,11.95,03/29/19 22:54,"356 7th St, Portland, OR 97035"
162430,Apple Airpods Headphones,1,150,03/25/19 22:01,"730 2nd St, San Francisco, CA 94016"
162431,Apple Airpods Headphones,1,150,03/16/19 15:18,"454 5th St, Portland, OR 97035"
162432,AAA Batteries (4-pack),1,2.99,03-06-2019 12:16,"648 13th St, Atlanta, GA 30301"
162433,iPhone,1,700,03/29/19 19:14,"857 11th St, Los Angeles, CA 90001"
162434,AA Batteries (4-pack),1,3.84,03/15/19 10:46,"554 Jefferson St, Boston, MA 02215"
162435,USB-C Charging Cable,1,11.95,03/14/19 20:16,"445 Ridge St, Boston, MA 02215"
162436,Apple Airpods Headphones,1,150,03/31/19 10:49,"406 Johnson St, Austin, TX 73301"
162437,Lightning Charging Cable,1,14.95,03/13/19 14:14,"916 13th St, Los Angeles, CA 90001"
162438,Lightning Charging Cable,1,14.95,03-11-2019 22:03,"187 South St, San Francisco, CA 94016"
162439,USB-C Charging Cable,1,11.95,03/13/19 18:47,"96 Main St, San Francisco, CA 94016"
162440,Wired Headphones,1,11.99,03-04-2019 23:49,"347 Cedar St, Los Angeles, CA 90001"
162441,AAA Batteries (4-pack),2,2.99,03/27/19 10:36,"939 Pine St, Los Angeles, CA 90001"
162442,Macbook Pro Laptop,1,1700,03-06-2019 19:19,"512 Willow St, Los Angeles, CA 90001"
162443,Lightning Charging Cable,1,14.95,03/24/19 07:33,"600 North St, Seattle, WA 98101"
162444,AA Batteries (4-pack),1,3.84,03-10-2019 22:45,"174 Adams St, San Francisco, CA 94016"
162445,Apple Airpods Headphones,1,150,03/24/19 15:42,"358 West St, New York City, NY 10001"
162446,27in FHD Monitor,1,149.99,03/28/19 10:27,"384 South St, New York City, NY 10001"
162447,34in Ultrawide Monitor,1,379.99,03/17/19 16:37,"133 South St, Los Angeles, CA 90001"
162448,Bose SoundSport Headphones,1,99.99,03-04-2019 13:04,"777 Main St, Dallas, TX 75001"
162449,AA Batteries (4-pack),1,3.84,03-11-2019 19:54,"995 1st St, San Francisco, CA 94016"
162450,USB-C Charging Cable,1,11.95,03-12-2019 10:53,"269 1st St, Dallas, TX 75001"
162451,AA Batteries (4-pack),3,3.84,03/22/19 08:59,"25 Adams St, Seattle, WA 98101"
162452,27in FHD Monitor,1,149.99,03-02-2019 07:28,"632 7th St, Portland, ME 04101"
162453,AAA Batteries (4-pack),1,2.99,03/29/19 04:37,"934 Ridge St, Atlanta, GA 30301"
162454,AAA Batteries (4-pack),1,2.99,03-02-2019 14:10,"309 Sunset St, Atlanta, GA 30301"
162455,34in Ultrawide Monitor,1,379.99,03/14/19 10:52,"425 Lake St, Seattle, WA 98101"
162456,Wired Headphones,1,11.99,03/19/19 09:13,"59 Dogwood St, Atlanta, GA 30301"
162457,ThinkPad Laptop,1,999.99,03-04-2019 17:32,"77 Willow St, Boston, MA 02215"
162458,Apple Airpods Headphones,1,150,03-11-2019 16:15,"149 Spruce St, Portland, ME 04101"
162459,AAA Batteries (4-pack),1,2.99,03-09-2019 08:17,"609 Washington St, Austin, TX 73301"
162460,Bose SoundSport Headphones,1,99.99,03/27/19 08:05,"904 Hickory St, San Francisco, CA 94016"
162461,Wired Headphones,1,11.99,03-12-2019 20:19,"34 North St, Los Angeles, CA 90001"
162462,USB-C Charging Cable,1,11.95,03/18/19 11:58,"834 14th St, Portland, OR 97035"
162463,iPhone,1,700,03/26/19 20:40,"883 7th St, Boston, MA 02215"
162463,Lightning Charging Cable,1,14.95,03/26/19 20:40,"883 7th St, Boston, MA 02215"
162464,iPhone,1,700,03/23/19 17:03,"45 West St, San Francisco, CA 94016"
162465,Apple Airpods Headphones,1,150,03-08-2019 21:43,"603 Willow St, New York City, NY 10001"
162466,iPhone,1,700,03/30/19 11:46,"309 Adams St, Los Angeles, CA 90001"
162467,Wired Headphones,1,11.99,03/30/19 11:02,"122 Johnson St, Seattle, WA 98101"
162468,AA Batteries (4-pack),1,3.84,03/18/19 11:24,"654 4th St, Los Angeles, CA 90001"
162469,27in FHD Monitor,1,149.99,03/30/19 23:28,"531 Spruce St, Los Angeles, CA 90001"
162470,USB-C Charging Cable,1,11.95,03-12-2019 16:58,"93 Lake St, Los Angeles, CA 90001"
162471,ThinkPad Laptop,1,999.99,03-04-2019 08:59,"69 Spruce St, Boston, MA 02215"
162472,Vareebadd Phone,1,400,03-05-2019 23:55,"505 Hickory St, Seattle, WA 98101"
162473,Wired Headphones,1,11.99,03/23/19 12:37,"270 South St, Portland, OR 97035"
162474,AAA Batteries (4-pack),1,2.99,03/21/19 08:26,"254 Pine St, San Francisco, CA 94016"
162475,Lightning Charging Cable,1,14.95,03/29/19 15:39,"310 North St, Los Angeles, CA 90001"
162476,Flatscreen TV,1,300,03/27/19 19:09,"962 Highland St, Atlanta, GA 30301"
162477,USB-C Charging Cable,1,11.95,03/17/19 15:38,"827 Cherry St, Atlanta, GA 30301"
162478,USB-C Charging Cable,1,11.95,03/28/19 11:53,"506 Spruce St, New York City, NY 10001"
162479,27in 4K Gaming Monitor,1,389.99,03/15/19 19:09,"92 Walnut St, Los Angeles, CA 90001"
162480,USB-C Charging Cable,1,11.95,03/23/19 13:01,"597 12th St, San Francisco, CA 94016"
162481,AAA Batteries (4-pack),3,2.99,03/24/19 22:00,"556 5th St, Los Angeles, CA 90001"
162482,34in Ultrawide Monitor,1,379.99,03/23/19 20:42,"722 Church St, Los Angeles, CA 90001"
162483,34in Ultrawide Monitor,1,379.99,03-12-2019 14:26,"893 Dogwood St, San Francisco, CA 94016"
162484,Bose SoundSport Headphones,1,99.99,03-05-2019 08:12,"195 4th St, Portland, ME 04101"
162485,USB-C Charging Cable,1,11.95,03/25/19 09:20,"682 Cedar St, San Francisco, CA 94016"
162486,iPhone,1,700,03-04-2019 11:46,"594 1st St, San Francisco, CA 94016"
162486,Lightning Charging Cable,1,14.95,03-04-2019 11:46,"594 1st St, San Francisco, CA 94016"
162487,USB-C Charging Cable,3,11.95,03-09-2019 14:42,"631 Church St, Portland, OR 97035"
162488,AA Batteries (4-pack),1,3.84,03/30/19 09:14,"554 West St, San Francisco, CA 94016"
162489,27in 4K Gaming Monitor,1,389.99,03/30/19 01:01,"397 Highland St, Seattle, WA 98101"
162490,Google Phone,1,600,03-12-2019 00:56,"27 West St, Atlanta, GA 30301"
162490,USB-C Charging Cable,1,11.95,03-12-2019 00:56,"27 West St, Atlanta, GA 30301"
162491,Bose SoundSport Headphones,1,99.99,03-05-2019 20:00,"881 1st St, San Francisco, CA 94016"
162492,iPhone,1,700,03/20/19 10:00,"534 10th St, Seattle, WA 98101"
162493,AAA Batteries (4-pack),1,2.99,03/23/19 21:16,"392 Wilson St, San Francisco, CA 94016"
162494,27in FHD Monitor,1,149.99,03/31/19 19:57,"896 Spruce St, Los Angeles, CA 90001"
162495,Macbook Pro Laptop,1,1700,03-02-2019 11:38,"292 Cherry St, Los Angeles, CA 90001"
162496,AA Batteries (4-pack),1,3.84,03/27/19 11:55,"68 West St, Atlanta, GA 30301"
162497,AA Batteries (4-pack),2,3.84,03/22/19 23:42,"919 Jefferson St, San Francisco, CA 94016"
162498,Wired Headphones,1,11.99,03/13/19 10:28,"743 5th St, Austin, TX 73301"
162499,AA Batteries (4-pack),3,3.84,03/28/19 12:20,"623 Chestnut St, New York City, NY 10001"
162500,Wired Headphones,1,11.99,03/27/19 21:17,"33 Elm St, San Francisco, CA 94016"
162501,Bose SoundSport Headphones,1,99.99,03/31/19 16:00,"170 6th St, Boston, MA 02215"
162502,Flatscreen TV,1,300,03/15/19 16:20,"700 South St, Boston, MA 02215"
162503,AAA Batteries (4-pack),2,2.99,03-03-2019 20:31,"615 Cherry St, Dallas, TX 75001"
162504,34in Ultrawide Monitor,1,379.99,03-04-2019 17:42,"146 Willow St, Atlanta, GA 30301"
162505,27in FHD Monitor,1,149.99,03/13/19 08:31,"827 Hickory St, Boston, MA 02215"
162506,USB-C Charging Cable,1,11.95,03-08-2019 15:50,"718 Adams St, San Francisco, CA 94016"
162507,20in Monitor,1,109.99,03/18/19 09:00,"358 Hickory St, San Francisco, CA 94016"
162508,iPhone,1,700,03/25/19 11:21,"894 Johnson St, Seattle, WA 98101"
162508,Lightning Charging Cable,1,14.95,03/25/19 11:21,"894 Johnson St, Seattle, WA 98101"
162509,AAA Batteries (4-pack),1,2.99,03-09-2019 19:21,"629 Meadow St, Boston, MA 02215"
162510,Macbook Pro Laptop,1,1700,03/13/19 13:03,"417 10th St, Portland, OR 97035"
162511,Wired Headphones,1,11.99,03/17/19 23:08,"615 Pine St, Seattle, WA 98101"
162512,USB-C Charging Cable,1,11.95,03-06-2019 20:30,"433 Johnson St, San Francisco, CA 94016"
162513,Bose SoundSport Headphones,1,99.99,03-11-2019 09:20,"849 Ridge St, New York City, NY 10001"
162514,Bose SoundSport Headphones,1,99.99,03-11-2019 12:15,"763 Main St, Seattle, WA 98101"
162515,AA Batteries (4-pack),3,3.84,03-06-2019 18:30,"976 Lake St, New York City, NY 10001"
162516,AA Batteries (4-pack),4,3.84,03-10-2019 11:31,"896 Elm St, Dallas, TX 75001"
162517,Wired Headphones,1,11.99,03/16/19 15:47,"780 9th St, Los Angeles, CA 90001"
162518,USB-C Charging Cable,1,11.95,03-08-2019 11:24,"281 River St, San Francisco, CA 94016"
162519,Vareebadd Phone,1,400,03-04-2019 06:57,"516 Cherry St, New York City, NY 10001"
162520,AA Batteries (4-pack),1,3.84,03/24/19 11:16,"308 Johnson St, New York City, NY 10001"
162521,Flatscreen TV,1,300,03/30/19 08:12,"304 Hickory St, Seattle, WA 98101"
162522,Lightning Charging Cable,1,14.95,03-03-2019 21:18,"618 Dogwood St, Seattle, WA 98101"
162523,Wired Headphones,1,11.99,03/26/19 15:23,"156 Hickory St, San Francisco, CA 94016"
162524,AA Batteries (4-pack),1,3.84,03/21/19 13:14,"372 Elm St, San Francisco, CA 94016"
162525,34in Ultrawide Monitor,1,379.99,03-10-2019 19:00,"415 Forest St, San Francisco, CA 94016"
162526,Wired Headphones,2,11.99,03/30/19 15:12,"744 Wilson St, Atlanta, GA 30301"
162527,ThinkPad Laptop,1,999.99,03-03-2019 14:42,"775 12th St, Dallas, TX 75001"
162528,27in FHD Monitor,1,149.99,03-11-2019 08:15,"776 11th St, San Francisco, CA 94016"
162529,iPhone,1,700,03/15/19 20:25,"3 Dogwood St, Seattle, WA 98101"
162530,AAA Batteries (4-pack),1,2.99,03/24/19 12:09,"552 Main St, Boston, MA 02215"
162531,27in 4K Gaming Monitor,1,389.99,03/27/19 08:12,"383 Pine St, Atlanta, GA 30301"
162532,27in 4K Gaming Monitor,1,389.99,03/25/19 19:40,"802 Hickory St, Boston, MA 02215"
162533,iPhone,1,700,03-12-2019 19:48,"361 Ridge St, San Francisco, CA 94016"
162534,Bose SoundSport Headphones,1,99.99,03/29/19 21:06,"392 13th St, Portland, OR 97035"
162535,AAA Batteries (4-pack),1,2.99,03-03-2019 18:44,"749 Madison St, Atlanta, GA 30301"
162536,Wired Headphones,1,11.99,03/27/19 00:42,"899 13th St, San Francisco, CA 94016"
162537,AA Batteries (4-pack),2,3.84,03/16/19 20:00,"382 Park St, New York City, NY 10001"
162538,34in Ultrawide Monitor,1,379.99,03/22/19 19:06,"434 Elm St, Seattle, WA 98101"
162539,AA Batteries (4-pack),1,3.84,03/31/19 21:31,"279 14th St, San Francisco, CA 94016"
162540,Bose SoundSport Headphones,1,99.99,03/20/19 23:01,"376 7th St, San Francisco, CA 94016"
162541,AAA Batteries (4-pack),2,2.99,04-01-2019 01:15,"672 2nd St, Atlanta, GA 30301"
162542,USB-C Charging Cable,1,11.95,03-08-2019 17:50,"602 6th St, Seattle, WA 98101"
162543,AA Batteries (4-pack),2,3.84,03-06-2019 13:03,"99 13th St, Atlanta, GA 30301"
162544,Apple Airpods Headphones,2,150,03-10-2019 12:40,"190 Maple St, New York City, NY 10001"
162545,Google Phone,1,600,03/23/19 17:22,"466 Church St, San Francisco, CA 94016"
162546,Macbook Pro Laptop,1,1700,03-05-2019 00:39,"114 1st St, New York City, NY 10001"
162547,27in 4K Gaming Monitor,1,389.99,03/18/19 21:55,"156 Forest St, Los Angeles, CA 90001"
162548,ThinkPad Laptop,1,999.99,03-11-2019 11:30,"872 Church St, Austin, TX 73301"
162549,Macbook Pro Laptop,1,1700,03/26/19 08:09,"303 6th St, Portland, OR 97035"
162550,Wired Headphones,1,11.99,03-03-2019 20:11,"464 Meadow St, Portland, OR 97035"
162551,iPhone,1,700,03/27/19 10:48,"510 Madison St, Boston, MA 02215"
162552,USB-C Charging Cable,1,11.95,03-10-2019 17:05,"775 1st St, New York City, NY 10001"
162553,Bose SoundSport Headphones,1,99.99,03-08-2019 12:01,"949 River St, Seattle, WA 98101"
162554,iPhone,1,700,03/29/19 15:30,"567 7th St, Seattle, WA 98101"
162554,Wired Headphones,1,11.99,03/29/19 15:30,"567 7th St, Seattle, WA 98101"
162555,Lightning Charging Cable,1,14.95,03/30/19 11:59,"212 Dogwood St, Seattle, WA 98101"
162556,Flatscreen TV,1,300,03/31/19 19:47,"72 2nd St, San Francisco, CA 94016"
162557,iPhone,1,700,03/22/19 12:50,"813 1st St, Atlanta, GA 30301"
162557,Lightning Charging Cable,2,14.95,03/22/19 12:50,"813 1st St, Atlanta, GA 30301"
162558,Lightning Charging Cable,1,14.95,03-03-2019 18:36,"171 Washington St, Los Angeles, CA 90001"
162559,Wired Headphones,1,11.99,03/21/19 09:24,"929 Park St, Boston, MA 02215"
162560,AA Batteries (4-pack),1,3.84,03-10-2019 23:56,"618 Washington St, San Francisco, CA 94016"
162561,Wired Headphones,1,11.99,03-12-2019 07:58,"499 4th St, Austin, TX 73301"
162562,AA Batteries (4-pack),1,3.84,03/29/19 21:16,"96 Park St, Austin, TX 73301"
162563,27in FHD Monitor,1,149.99,03-12-2019 15:51,"769 1st St, Seattle, WA 98101"
162564,Apple Airpods Headphones,1,150,03/19/19 14:55,"1 12th St, Los Angeles, CA 90001"
162565,USB-C Charging Cable,1,11.95,03/29/19 00:25,"961 10th St, Dallas, TX 75001"
162566,Macbook Pro Laptop,1,1700,03-08-2019 22:13,"681 Ridge St, Boston, MA 02215"
162567,AA Batteries (4-pack),1,3.84,03-08-2019 11:41,"196 10th St, San Francisco, CA 94016"
162568,USB-C Charging Cable,2,11.95,03-02-2019 20:41,"628 Walnut St, San Francisco, CA 94016"
162569,34in Ultrawide Monitor,1,379.99,03/27/19 12:16,"196 Church St, New York City, NY 10001"
162570,Lightning Charging Cable,2,14.95,03/17/19 23:22,"55 Adams St, Austin, TX 73301"
162571,AA Batteries (4-pack),1,3.84,03/29/19 21:01,"422 Maple St, Los Angeles, CA 90001"
162572,Lightning Charging Cable,1,14.95,03-10-2019 14:41,"732 Highland St, Boston, MA 02215"
162573,Google Phone,1,600,03-02-2019 11:34,"673 2nd St, Portland, OR 97035"
162574,AAA Batteries (4-pack),3,2.99,03-08-2019 12:14,"194 Jackson St, San Francisco, CA 94016"
162575,iPhone,1,700,03/25/19 12:56,"590 Park St, Los Angeles, CA 90001"
162576,Bose SoundSport Headphones,2,99.99,03/21/19 23:07,"634 Cedar St, Boston, MA 02215"
162577,AAA Batteries (4-pack),1,2.99,03/19/19 19:54,"547 Ridge St, Atlanta, GA 30301"
162578,Bose SoundSport Headphones,1,99.99,03/20/19 13:58,"56 Adams St, Atlanta, GA 30301"
162579,AA Batteries (4-pack),2,3.84,03/13/19 12:20,"40 13th St, San Francisco, CA 94016"
162580,AAA Batteries (4-pack),1,2.99,03-11-2019 18:00,"680 Jefferson St, Portland, OR 97035"
162581,Flatscreen TV,1,300,03-05-2019 15:07,"903 8th St, Dallas, TX 75001"
162582,Flatscreen TV,1,300,03/16/19 11:45,"97 9th St, New York City, NY 10001"
162583,Apple Airpods Headphones,1,150,03/20/19 21:52,"36 Main St, Seattle, WA 98101"
162584,34in Ultrawide Monitor,1,379.99,03/25/19 23:04,"459 Hill St, New York City, NY 10001"
162585,27in 4K Gaming Monitor,1,389.99,03-03-2019 08:39,"182 Chestnut St, San Francisco, CA 94016"
162586,USB-C Charging Cable,1,11.95,03/20/19 08:50,"499 Cherry St, Austin, TX 73301"
162587,LG Washing Machine,1,600,03/20/19 12:58,"66 Lakeview St, San Francisco, CA 94016"
162588,AAA Batteries (4-pack),1,2.99,03/29/19 09:03,"568 Meadow St, Austin, TX 73301"
162589,AA Batteries (4-pack),2,3.84,03/23/19 00:37,"13 5th St, Boston, MA 02215"
162590,27in FHD Monitor,1,149.99,03/15/19 16:50,"611 Washington St, Boston, MA 02215"
162591,USB-C Charging Cable,1,11.95,03/30/19 19:10,"884 Pine St, Portland, ME 04101"
162592,Bose SoundSport Headphones,1,99.99,03-05-2019 15:10,"595 Jefferson St, San Francisco, CA 94016"
162593,Bose SoundSport Headphones,1,99.99,03/24/19 15:06,"247 Jefferson St, San Francisco, CA 94016"
162594,Lightning Charging Cable,2,14.95,03-03-2019 10:49,"504 13th St, Seattle, WA 98101"
162595,AAA Batteries (4-pack),1,2.99,03-10-2019 10:07,"916 13th St, New York City, NY 10001"
162596,Wired Headphones,1,11.99,03/27/19 12:30,"698 Johnson St, Atlanta, GA 30301"
162597,34in Ultrawide Monitor,1,379.99,03/14/19 09:15,"901 Ridge St, Portland, OR 97035"
162598,USB-C Charging Cable,1,11.95,03/31/19 18:07,"353 11th St, Atlanta, GA 30301"
162599,Apple Airpods Headphones,1,150,03-09-2019 19:22,"380 Maple St, San Francisco, CA 94016"
162600,34in Ultrawide Monitor,1,379.99,03/18/19 10:48,"198 Jefferson St, Dallas, TX 75001"
162601,Bose SoundSport Headphones,1,99.99,03/13/19 19:00,"465 Highland St, Boston, MA 02215"
162602,Lightning Charging Cable,1,14.95,03/19/19 13:29,"359 Lincoln St, Seattle, WA 98101"
162603,20in Monitor,1,109.99,03/30/19 13:34,"794 North St, Austin, TX 73301"
162604,Wired Headphones,1,11.99,03-03-2019 13:56,"933 Willow St, New York City, NY 10001"
162605,Vareebadd Phone,1,400,03/16/19 16:43,"807 Wilson St, San Francisco, CA 94016"
162606,AA Batteries (4-pack),2,3.84,03/21/19 18:06,"446 Adams St, New York City, NY 10001"
162607,Apple Airpods Headphones,1,150,03/31/19 10:18,"485 Center St, Los Angeles, CA 90001"
162608,Google Phone,1,600,03/13/19 09:05,"925 Lake St, Boston, MA 02215"
162609,Bose SoundSport Headphones,1,99.99,03/17/19 12:32,"823 Wilson St, Atlanta, GA 30301"
162610,USB-C Charging Cable,1,11.95,03-02-2019 15:59,"90 Hill St, San Francisco, CA 94016"
162611,AA Batteries (4-pack),1,3.84,03-05-2019 10:21,"97 Meadow St, Los Angeles, CA 90001"
162612,Wired Headphones,1,11.99,03-11-2019 11:18,"357 Hickory St, Austin, TX 73301"
162612,USB-C Charging Cable,1,11.95,03-11-2019 11:18,"357 Hickory St, Austin, TX 73301"
162613,Bose SoundSport Headphones,1,99.99,03-12-2019 15:21,"53 6th St, Los Angeles, CA 90001"
162614,Lightning Charging Cable,1,14.95,03/17/19 13:22,"804 6th St, Los Angeles, CA 90001"
162615,AA Batteries (4-pack),1,3.84,03/22/19 12:43,"322 11th St, Seattle, WA 98101"
162616,Vareebadd Phone,1,400,03/31/19 13:00,"287 Adams St, Dallas, TX 75001"
162617,AAA Batteries (4-pack),2,2.99,03/19/19 08:12,"809 Forest St, San Francisco, CA 94016"
162618,Lightning Charging Cable,1,14.95,03-09-2019 12:08,"266 Church St, San Francisco, CA 94016"
162619,27in FHD Monitor,1,149.99,03/30/19 18:41,"349 Wilson St, Los Angeles, CA 90001"
162620,27in FHD Monitor,1,149.99,03-02-2019 02:11,"60 Maple St, Boston, MA 02215"
162621,USB-C Charging Cable,1,11.95,03-07-2019 09:44,"282 13th St, Austin, TX 73301"
162622,Lightning Charging Cable,1,14.95,03/17/19 14:31,"815 Cherry St, Boston, MA 02215"
162623,AAA Batteries (4-pack),1,2.99,03/25/19 17:34,"821 Dogwood St, San Francisco, CA 94016"
162623,AA Batteries (4-pack),1,3.84,03/25/19 17:34,"821 Dogwood St, San Francisco, CA 94016"
162624,USB-C Charging Cable,1,11.95,03-01-2019 11:42,"878 Highland St, San Francisco, CA 94016"
162625,Lightning Charging Cable,1,14.95,03-09-2019 20:49,"524 Ridge St, New York City, NY 10001"
162626,27in FHD Monitor,1,149.99,03-09-2019 23:47,"113 Cherry St, San Francisco, CA 94016"
162627,Apple Airpods Headphones,1,150,03/24/19 11:42,"461 11th St, Los Angeles, CA 90001"
162628,USB-C Charging Cable,1,11.95,03/26/19 14:56,"867 Lake St, Seattle, WA 98101"
162629,27in 4K Gaming Monitor,1,389.99,03/27/19 09:58,"427 Elm St, San Francisco, CA 94016"
162630,34in Ultrawide Monitor,1,379.99,03-09-2019 00:36,"418 7th St, Boston, MA 02215"
162631,Bose SoundSport Headphones,1,99.99,03/19/19 22:27,"395 Willow St, San Francisco, CA 94016"
162632,AAA Batteries (4-pack),1,2.99,03/18/19 12:10,"992 Highland St, New York City, NY 10001"
162633,27in FHD Monitor,1,149.99,03/29/19 14:42,"498 Jefferson St, Austin, TX 73301"
162634,Apple Airpods Headphones,1,150,03/13/19 16:42,"477 14th St, Portland, OR 97035"
162635,27in FHD Monitor,1,149.99,03-08-2019 13:24,"99 14th St, Austin, TX 73301"
162636,USB-C Charging Cable,1,11.95,03-05-2019 22:49,"510 Chestnut St, Dallas, TX 75001"
162637,Apple Airpods Headphones,1,150,03-10-2019 07:17,"969 11th St, Los Angeles, CA 90001"
162638,Apple Airpods Headphones,1,150,03/19/19 14:06,"556 7th St, Seattle, WA 98101"
162639,27in 4K Gaming Monitor,1,389.99,03-07-2019 23:44,"925 Willow St, Dallas, TX 75001"
162640,27in FHD Monitor,1,149.99,03/20/19 21:29,"383 Adams St, Los Angeles, CA 90001"
162641,Apple Airpods Headphones,1,150,03-10-2019 11:50,"155 Wilson St, Los Angeles, CA 90001"
162642,AAA Batteries (4-pack),4,2.99,03/17/19 18:44,"962 Maple St, San Francisco, CA 94016"
162643,AAA Batteries (4-pack),1,2.99,03-09-2019 14:56,"467 Center St, Atlanta, GA 30301"
162644,AAA Batteries (4-pack),1,2.99,03/20/19 02:15,"564 Johnson St, Los Angeles, CA 90001"
162645,iPhone,1,700,03/25/19 21:26,"362 Park St, San Francisco, CA 94016"
162646,Apple Airpods Headphones,1,150,03-08-2019 18:11,"174 Madison St, Dallas, TX 75001"
162647,AAA Batteries (4-pack),1,2.99,03/24/19 13:47,"206 Adams St, Atlanta, GA 30301"
162648,AAA Batteries (4-pack),2,2.99,03/26/19 09:29,"576 Meadow St, San Francisco, CA 94016"
162649,AAA Batteries (4-pack),1,2.99,03-08-2019 19:04,"158 Lake St, Seattle, WA 98101"
162650,USB-C Charging Cable,1,11.95,03-11-2019 20:05,"187 Madison St, New York City, NY 10001"
162651,USB-C Charging Cable,1,11.95,03-04-2019 19:06,"251 Ridge St, Seattle, WA 98101"
162652,Macbook Pro Laptop,1,1700,03/21/19 20:49,"165 Church St, Boston, MA 02215"
162653,AAA Batteries (4-pack),2,2.99,03/13/19 14:51,"907 Cedar St, San Francisco, CA 94016"
162654,Lightning Charging Cable,1,14.95,03-02-2019 13:40,"724 Spruce St, San Francisco, CA 94016"
162655,Wired Headphones,1,11.99,03-05-2019 15:54,"364 1st St, Boston, MA 02215"
162656,Apple Airpods Headphones,2,150,03-12-2019 12:30,"426 Maple St, Los Angeles, CA 90001"
162657,34in Ultrawide Monitor,1,379.99,03/13/19 07:40,"326 9th St, San Francisco, CA 94016"
162658,AA Batteries (4-pack),1,3.84,03-06-2019 17:53,"743 Lake St, Atlanta, GA 30301"
162659,Flatscreen TV,1,300,03-02-2019 23:26,"945 13th St, San Francisco, CA 94016"
162660,AAA Batteries (4-pack),1,2.99,03/14/19 14:26,"591 Pine St, New York City, NY 10001"
162661,Lightning Charging Cable,1,14.95,03-04-2019 20:53,"556 Park St, Austin, TX 73301"
162661,Apple Airpods Headphones,1,150,03-04-2019 20:53,"556 Park St, Austin, TX 73301"
162662,AA Batteries (4-pack),1,3.84,03-06-2019 18:06,"621 10th St, San Francisco, CA 94016"
162663,Lightning Charging Cable,1,14.95,03/28/19 15:04,"253 River St, Austin, TX 73301"
162664,Lightning Charging Cable,1,14.95,03-02-2019 15:59,"48 13th St, San Francisco, CA 94016"
162665,AAA Batteries (4-pack),3,2.99,03-12-2019 21:22,"515 Madison St, Los Angeles, CA 90001"
162666,USB-C Charging Cable,1,11.95,03-10-2019 15:19,"184 Adams St, Dallas, TX 75001"
162667,USB-C Charging Cable,1,11.95,03/21/19 13:23,"281 Meadow St, Dallas, TX 75001"
162668,iPhone,1,700,03-06-2019 20:17,"16 Hill St, Los Angeles, CA 90001"
162669,Lightning Charging Cable,1,14.95,03/28/19 15:29,"504 Jefferson St, Boston, MA 02215"
162670,AAA Batteries (4-pack),1,2.99,03-09-2019 00:50,"908 5th St, New York City, NY 10001"
162671,USB-C Charging Cable,1,11.95,03-02-2019 18:34,"463 13th St, Boston, MA 02215"
162672,20in Monitor,1,109.99,03-05-2019 11:42,"762 Pine St, Atlanta, GA 30301"
162673,Apple Airpods Headphones,1,150,03-03-2019 12:24,"543 Sunset St, New York City, NY 10001"
162674,Bose SoundSport Headphones,1,99.99,03/16/19 18:31,"593 9th St, San Francisco, CA 94016"
162675,27in FHD Monitor,1,149.99,03/28/19 12:41,"956 Lake St, Portland, OR 97035"
162676,Apple Airpods Headphones,1,150,03-06-2019 20:04,"854 Park St, Boston, MA 02215"
162677,iPhone,1,700,03/31/19 21:16,"50 Park St, New York City, NY 10001"
162678,Bose SoundSport Headphones,1,99.99,03-02-2019 17:01,"256 13th St, Dallas, TX 75001"
162679,Apple Airpods Headphones,1,150,03/14/19 11:53,"754 Chestnut St, San Francisco, CA 94016"
162680,USB-C Charging Cable,1,11.95,03/29/19 10:59,"413 Jefferson St, Los Angeles, CA 90001"
162681,ThinkPad Laptop,1,999.99,03/25/19 11:26,"79 Park St, Austin, TX 73301"
162682,Vareebadd Phone,1,400,03-12-2019 17:04,"846 Cherry St, San Francisco, CA 94016"
162683,Google Phone,1,600,03/23/19 19:01,"587 North St, Los Angeles, CA 90001"
162684,Flatscreen TV,1,300,03-09-2019 17:42,"81 5th St, Los Angeles, CA 90001"
162685,iPhone,1,700,03/31/19 16:23,"201 Highland St, San Francisco, CA 94016"
162686,AA Batteries (4-pack),1,3.84,03/28/19 11:21,"169 Meadow St, Los Angeles, CA 90001"
162687,AAA Batteries (4-pack),1,2.99,03/19/19 21:59,"207 Meadow St, Dallas, TX 75001"
162688,Wired Headphones,1,11.99,03-12-2019 10:57,"849 Adams St, New York City, NY 10001"
162689,USB-C Charging Cable,1,11.95,03/13/19 12:43,"279 Walnut St, Boston, MA 02215"
162690,27in FHD Monitor,1,149.99,03/19/19 08:40,"121 7th St, San Francisco, CA 94016"
162691,Bose SoundSport Headphones,1,99.99,03-08-2019 14:05,"108 Park St, Dallas, TX 75001"
162692,Lightning Charging Cable,1,14.95,03/28/19 14:54,"824 River St, Dallas, TX 75001"
162693,AAA Batteries (4-pack),2,2.99,03-05-2019 18:59,"211 12th St, Boston, MA 02215"
162694,AA Batteries (4-pack),1,3.84,03/15/19 16:35,"239 Willow St, New York City, NY 10001"
162695,Apple Airpods Headphones,1,150,03-12-2019 19:13,"162 Walnut St, Los Angeles, CA 90001"
162696,Macbook Pro Laptop,1,1700,03-06-2019 21:47,"846 Elm St, Portland, OR 97035"
162697,Macbook Pro Laptop,1,1700,03-09-2019 18:27,"186 4th St, Austin, TX 73301"
162698,Bose SoundSport Headphones,1,99.99,03/13/19 10:07,"812 8th St, New York City, NY 10001"
162699,Wired Headphones,1,11.99,03/31/19 20:22,"196 Church St, Boston, MA 02215"
162700,Lightning Charging Cable,2,14.95,03-12-2019 14:52,"571 Sunset St, Boston, MA 02215"
162701,AA Batteries (4-pack),1,3.84,03/27/19 18:10,"752 8th St, Atlanta, GA 30301"
162702,Google Phone,1,600,03/17/19 15:38,"904 River St, Atlanta, GA 30301"
162703,Bose SoundSport Headphones,1,99.99,03/31/19 11:21,"980 South St, Seattle, WA 98101"
162704,Macbook Pro Laptop,1,1700,03-11-2019 20:06,"587 Jackson St, Los Angeles, CA 90001"
162705,AAA Batteries (4-pack),3,2.99,03-08-2019 22:09,"306 Lakeview St, New York City, NY 10001"
162706,Wired Headphones,2,11.99,03-02-2019 06:33,"935 6th St, Boston, MA 02215"
162707,27in 4K Gaming Monitor,1,389.99,03/16/19 13:01,"669 Hill St, Boston, MA 02215"
162708,Lightning Charging Cable,1,14.95,03/22/19 20:28,"883 West St, Boston, MA 02215"
162709,AAA Batteries (4-pack),1,2.99,03/26/19 13:16,"456 10th St, San Francisco, CA 94016"
162710,USB-C Charging Cable,1,11.95,03/22/19 13:05,"580 Pine St, Los Angeles, CA 90001"
162711,Wired Headphones,1,11.99,03-12-2019 13:10,"76 12th St, San Francisco, CA 94016"
162712,34in Ultrawide Monitor,1,379.99,03-07-2019 20:33,"608 Center St, Seattle, WA 98101"
162713,AAA Batteries (4-pack),2,2.99,03-06-2019 06:20,"116 Wilson St, San Francisco, CA 94016"
162714,20in Monitor,1,109.99,03-02-2019 20:04,"401 11th St, Portland, OR 97035"
162715,ThinkPad Laptop,1,999.99,03/24/19 10:14,"956 Lakeview St, Seattle, WA 98101"
162716,20in Monitor,1,109.99,03-11-2019 19:52,"941 Forest St, Seattle, WA 98101"
162717,AAA Batteries (4-pack),1,2.99,03/28/19 09:13,"498 Cedar St, Austin, TX 73301"
162718,Bose SoundSport Headphones,1,99.99,03-04-2019 19:33,"744 7th St, Los Angeles, CA 90001"
162719,34in Ultrawide Monitor,1,379.99,03/18/19 12:25,"270 Church St, San Francisco, CA 94016"
162720,Bose SoundSport Headphones,1,99.99,03-04-2019 15:50,"435 West St, Austin, TX 73301"
162721,AAA Batteries (4-pack),1,2.99,03/13/19 02:27,"682 Wilson St, Los Angeles, CA 90001"
162722,AA Batteries (4-pack),2,3.84,03/14/19 11:27,"851 Willow St, San Francisco, CA 94016"
162723,Wired Headphones,1,11.99,03-08-2019 00:34,"568 11th St, Portland, ME 04101"
162724,Lightning Charging Cable,2,14.95,03-01-2019 18:07,"274 Cedar St, San Francisco, CA 94016"
162725,Bose SoundSport Headphones,1,99.99,03-02-2019 18:53,"199 Spruce St, San Francisco, CA 94016"
162726,Macbook Pro Laptop,1,1700,03/15/19 08:45,"180 12th St, Atlanta, GA 30301"
162727,27in FHD Monitor,1,149.99,03-12-2019 18:33,"138 Chestnut St, Los Angeles, CA 90001"
162728,Google Phone,1,600,03-01-2019 23:38,"836 Hill St, Boston, MA 02215"
162729,34in Ultrawide Monitor,1,379.99,03/16/19 19:21,"744 Washington St, New York City, NY 10001"
162730,Wired Headphones,1,11.99,03-01-2019 10:17,"673 4th St, Los Angeles, CA 90001"
162731,Wired Headphones,1,11.99,03/25/19 11:24,"610 Sunset St, Portland, OR 97035"
162732,Bose SoundSport Headphones,1,99.99,03-01-2019 22:01,"307 2nd St, Boston, MA 02215"
162733,AAA Batteries (4-pack),2,2.99,03-02-2019 21:46,"517 Forest St, New York City, NY 10001"
162734,Lightning Charging Cable,1,14.95,03-07-2019 22:34,"753 Dogwood St, Dallas, TX 75001"
162735,Lightning Charging Cable,1,14.95,03-11-2019 11:26,"991 Lakeview St, Los Angeles, CA 90001"
162736,Apple Airpods Headphones,1,150,03/26/19 16:27,"993 River St, San Francisco, CA 94016"
162737,27in FHD Monitor,1,149.99,03-11-2019 16:21,"207 Wilson St, Austin, TX 73301"
162738,Apple Airpods Headphones,1,150,03/16/19 14:15,"657 14th St, Dallas, TX 75001"
162739,Google Phone,1,600,03/18/19 11:41,"305 Madison St, Los Angeles, CA 90001"
162739,USB-C Charging Cable,1,11.95,03/18/19 11:41,"305 Madison St, Los Angeles, CA 90001"
162740,Google Phone,1,600,03/13/19 20:18,"923 Lakeview St, Boston, MA 02215"
162741,Vareebadd Phone,1,400,03-01-2019 11:32,"698 Willow St, Los Angeles, CA 90001"
162741,USB-C Charging Cable,1,11.95,03-01-2019 11:32,"698 Willow St, Los Angeles, CA 90001"
162742,Apple Airpods Headphones,1,150,03/17/19 10:17,"393 Pine St, San Francisco, CA 94016"
162743,LG Dryer,1,600,03-04-2019 20:11,"162 13th St, Austin, TX 73301"
162744,Lightning Charging Cable,1,14.95,03/19/19 17:22,"733 Ridge St, San Francisco, CA 94016"
162745,Bose SoundSport Headphones,1,99.99,03-12-2019 10:52,"177 Hickory St, New York City, NY 10001"
162746,AAA Batteries (4-pack),5,2.99,03/25/19 13:22,"767 Washington St, San Francisco, CA 94016"
162747,Macbook Pro Laptop,1,1700,03/28/19 12:00,"125 13th St, Portland, OR 97035"
162748,AAA Batteries (4-pack),1,2.99,03-11-2019 23:13,"646 11th St, Austin, TX 73301"
162749,Wired Headphones,1,11.99,03-03-2019 21:27,"155 14th St, New York City, NY 10001"
162750,AAA Batteries (4-pack),2,2.99,03/18/19 20:24,"838 Madison St, Boston, MA 02215"
162751,AAA Batteries (4-pack),1,2.99,03/24/19 23:50,"430 12th St, Portland, OR 97035"
162752,Bose SoundSport Headphones,1,99.99,03/20/19 02:06,"645 Highland St, Los Angeles, CA 90001"
162753,AA Batteries (4-pack),1,3.84,03/30/19 08:50,"141 Sunset St, Seattle, WA 98101"
162754,Wired Headphones,1,11.99,03/17/19 10:29,"880 Wilson St, Los Angeles, CA 90001"
162755,27in FHD Monitor,1,149.99,03-03-2019 17:55,"10 Forest St, New York City, NY 10001"
162756,ThinkPad Laptop,1,999.99,03/21/19 10:07,"437 14th St, San Francisco, CA 94016"
162757,Google Phone,1,600,03-11-2019 20:25,"843 Cherry St, Boston, MA 02215"
162758,USB-C Charging Cable,1,11.95,03/23/19 21:39,"90 5th St, San Francisco, CA 94016"
162759,Vareebadd Phone,1,400,03/31/19 19:30,"985 Madison St, Atlanta, GA 30301"
162759,Wired Headphones,1,11.99,03/31/19 19:30,"985 Madison St, Atlanta, GA 30301"
162760,Apple Airpods Headphones,1,150,03/14/19 11:03,"346 Hickory St, Boston, MA 02215"
162761,AAA Batteries (4-pack),1,2.99,03/18/19 09:49,"712 Lincoln St, Boston, MA 02215"
162762,Wired Headphones,1,11.99,03/17/19 06:50,"775 14th St, New York City, NY 10001"
162763,AA Batteries (4-pack),1,3.84,03/24/19 15:38,"825 Main St, Los Angeles, CA 90001"
162764,AAA Batteries (4-pack),2,2.99,03-07-2019 18:37,"271 Ridge St, Boston, MA 02215"
162765,AAA Batteries (4-pack),1,2.99,03-01-2019 20:54,"991 8th St, Los Angeles, CA 90001"
162766,AAA Batteries (4-pack),2,2.99,03/28/19 18:23,"518 10th St, New York City, NY 10001"
162767,AAA Batteries (4-pack),1,2.99,03/31/19 17:49,"667 Washington St, Atlanta, GA 30301"
162768,AAA Batteries (4-pack),1,2.99,03/31/19 10:35,"312 1st St, Portland, OR 97035"
162769,Flatscreen TV,1,300,03-07-2019 10:13,"711 South St, San Francisco, CA 94016"
162770,Flatscreen TV,1,300,03/30/19 17:54,"749 2nd St, San Francisco, CA 94016"
162771,Google Phone,1,600,03-01-2019 09:08,"198 Center St, San Francisco, CA 94016"
162772,Wired Headphones,1,11.99,03-03-2019 09:53,"894 14th St, Boston, MA 02215"
162773,Bose SoundSport Headphones,1,99.99,03/28/19 08:17,"933 9th St, San Francisco, CA 94016"
162774,Wired Headphones,1,11.99,03/25/19 19:09,"891 4th St, Boston, MA 02215"
162775,USB-C Charging Cable,1,11.95,03/31/19 13:23,"158 7th St, Portland, OR 97035"
162776,USB-C Charging Cable,1,11.95,03-04-2019 16:31,"333 Highland St, Los Angeles, CA 90001"
162777,AA Batteries (4-pack),1,3.84,03/15/19 18:56,"531 Sunset St, Dallas, TX 75001"
162778,AA Batteries (4-pack),1,3.84,03/13/19 23:39,"264 River St, Portland, OR 97035"
162779,USB-C Charging Cable,1,11.95,03/18/19 12:57,"424 Highland St, Dallas, TX 75001"
162780,AA Batteries (4-pack),1,3.84,03/20/19 12:20,"468 Jackson St, New York City, NY 10001"
162781,AAA Batteries (4-pack),1,2.99,03/28/19 12:49,"278 Hickory St, Los Angeles, CA 90001"
162782,iPhone,1,700,03/31/19 13:13,"931 Jefferson St, Dallas, TX 75001"
162783,Lightning Charging Cable,1,14.95,03/31/19 12:23,"690 Willow St, Atlanta, GA 30301"
162784,Bose SoundSport Headphones,1,99.99,03-08-2019 13:25,"229 9th St, Dallas, TX 75001"
162785,Wired Headphones,1,11.99,03-02-2019 19:17,"501 Wilson St, Portland, OR 97035"
162786,Lightning Charging Cable,1,14.95,03-09-2019 06:00,"107 5th St, New York City, NY 10001"
162786,Bose SoundSport Headphones,1,99.99,03-09-2019 06:00,"107 5th St, New York City, NY 10001"
162787,Wired Headphones,1,11.99,03/23/19 13:42,"657 Walnut St, Portland, OR 97035"
162788,Bose SoundSport Headphones,1,99.99,03/15/19 17:22,"927 13th St, Los Angeles, CA 90001"
162788,Apple Airpods Headphones,1,150,03/15/19 17:22,"927 13th St, Los Angeles, CA 90001"
162789,AA Batteries (4-pack),1,3.84,03/23/19 19:17,"362 Forest St, Dallas, TX 75001"
162790,Lightning Charging Cable,1,14.95,03/22/19 14:01,"216 River St, San Francisco, CA 94016"
162791,Lightning Charging Cable,1,14.95,03-01-2019 22:54,"82 4th St, Los Angeles, CA 90001"
162792,Wired Headphones,1,11.99,03-08-2019 12:48,"3 Chestnut St, San Francisco, CA 94016"
162793,USB-C Charging Cable,1,11.95,03/28/19 10:03,"159 Johnson St, Los Angeles, CA 90001"
162794,AA Batteries (4-pack),1,3.84,03/28/19 11:37,"970 6th St, Atlanta, GA 30301"
162795,AA Batteries (4-pack),1,3.84,03-03-2019 11:58,"647 9th St, Seattle, WA 98101"
162796,Wired Headphones,1,11.99,03-03-2019 05:45,"130 Hickory St, Los Angeles, CA 90001"
162797,Lightning Charging Cable,1,14.95,03-05-2019 19:07,"918 5th St, Portland, OR 97035"
162798,20in Monitor,1,109.99,03/20/19 07:52,"591 9th St, San Francisco, CA 94016"
162799,27in 4K Gaming Monitor,1,389.99,03-01-2019 12:03,"491 Ridge St, Boston, MA 02215"
162800,Lightning Charging Cable,1,14.95,03/28/19 15:36,"474 Washington St, Dallas, TX 75001"
162801,iPhone,1,700,03/19/19 17:41,"408 River St, New York City, NY 10001"
162801,Apple Airpods Headphones,1,150,03/19/19 17:41,"408 River St, New York City, NY 10001"
162802,Wired Headphones,1,11.99,03/20/19 15:29,"790 5th St, Los Angeles, CA 90001"
162803,USB-C Charging Cable,1,11.95,03-03-2019 09:59,"614 7th St, Austin, TX 73301"
162804,AA Batteries (4-pack),1,3.84,03/13/19 21:30,"711 13th St, Portland, OR 97035"
162805,AAA Batteries (4-pack),2,2.99,03-11-2019 23:15,"40 14th St, Boston, MA 02215"
162806,27in 4K Gaming Monitor,1,389.99,03-03-2019 19:57,"773 South St, San Francisco, CA 94016"
162807,Lightning Charging Cable,1,14.95,03/19/19 17:40,"574 Maple St, San Francisco, CA 94016"
162808,AA Batteries (4-pack),1,3.84,03/20/19 09:55,"899 Main St, Portland, OR 97035"
162809,Bose SoundSport Headphones,1,99.99,03/22/19 17:34,"690 River St, San Francisco, CA 94016"
162810,Flatscreen TV,1,300,03/26/19 14:12,"503 Cherry St, Atlanta, GA 30301"
162811,20in Monitor,1,109.99,03/30/19 15:30,"147 Adams St, Boston, MA 02215"
162812,Lightning Charging Cable,1,14.95,03/23/19 13:13,"839 Center St, New York City, NY 10001"
162813,27in FHD Monitor,1,149.99,03/13/19 17:37,"865 Adams St, Portland, ME 04101"
162814,Apple Airpods Headphones,1,150,03/29/19 20:40,"742 Spruce St, Dallas, TX 75001"
162814,USB-C Charging Cable,1,11.95,03/29/19 20:40,"742 Spruce St, Dallas, TX 75001"
162815,Wired Headphones,1,11.99,03-07-2019 13:21,"619 6th St, Boston, MA 02215"
162816,Wired Headphones,1,11.99,03-08-2019 15:59,"650 Forest St, Los Angeles, CA 90001"
162817,AAA Batteries (4-pack),2,2.99,03/24/19 11:58,"120 Forest St, San Francisco, CA 94016"
162818,USB-C Charging Cable,1,11.95,03/30/19 18:39,"923 Center St, Seattle, WA 98101"
162819,Bose SoundSport Headphones,1,99.99,03/26/19 17:52,"936 Forest St, Atlanta, GA 30301"
162820,Wired Headphones,1,11.99,03-07-2019 21:56,"6 Ridge St, Los Angeles, CA 90001"
162821,Lightning Charging Cable,1,14.95,03-10-2019 16:28,"71 Spruce St, Seattle, WA 98101"
162822,Lightning Charging Cable,2,14.95,03-02-2019 13:22,"61 Hill St, San Francisco, CA 94016"
162823,Lightning Charging Cable,2,14.95,03-03-2019 19:30,"840 6th St, Boston, MA 02215"
162824,Lightning Charging Cable,1,14.95,03/24/19 21:26,"242 West St, Boston, MA 02215"
162825,USB-C Charging Cable,1,11.95,03-05-2019 14:10,"484 1st St, New York City, NY 10001"
162826,USB-C Charging Cable,2,11.95,03/22/19 11:30,"172 Park St, Seattle, WA 98101"
162827,AA Batteries (4-pack),1,3.84,03-12-2019 09:25,"91 Forest St, Boston, MA 02215"
Order ID,Product,Quantity Ordered,Price Each,Order Date,Purchase Address
162828,Apple Airpods Headphones,1,150,03/28/19 12:35,"255 Forest St, Portland, OR 97035"
162829,ThinkPad Laptop,1,999.99,03-02-2019 14:53,"743 Walnut St, Los Angeles, CA 90001"
162830,Bose SoundSport Headphones,1,99.99,03/20/19 08:42,"284 Chestnut St, Boston, MA 02215"
162831,Wired Headphones,1,11.99,03-05-2019 19:53,"943 Ridge St, Seattle, WA 98101"
162832,Apple Airpods Headphones,1,150,03/13/19 22:35,"946 Center St, Los Angeles, CA 90001"
162833,Flatscreen TV,1,300,03/28/19 20:49,"764 Sunset St, Boston, MA 02215"
162834,Bose SoundSport Headphones,1,99.99,03-05-2019 09:24,"743 1st St, San Francisco, CA 94016"
162835,Apple Airpods Headphones,1,150,03/15/19 12:31,"190 Chestnut St, Portland, OR 97035"
162836,Google Phone,1,600,03/26/19 21:18,"562 9th St, New York City, NY 10001"
162837,USB-C Charging Cable,2,11.95,03-05-2019 22:41,"63 Walnut St, Los Angeles, CA 90001"
162838,Wired Headphones,2,11.99,03-02-2019 22:33,"306 Walnut St, New York City, NY 10001"
162839,USB-C Charging Cable,1,11.95,03/30/19 07:52,"201 Chestnut St, Austin, TX 73301"
162840,Wired Headphones,1,11.99,03/13/19 15:27,"137 Sunset St, San Francisco, CA 94016"
162841,Wired Headphones,1,11.99,03-12-2019 12:57,"867 River St, Atlanta, GA 30301"
162842,Flatscreen TV,1,300,03/14/19 14:17,"882 South St, New York City, NY 10001"
162843,Bose SoundSport Headphones,1,99.99,03/29/19 08:53,"721 Sunset St, Dallas, TX 75001"
162844,Lightning Charging Cable,1,14.95,03-02-2019 08:31,"991 Pine St, Los Angeles, CA 90001"
162845,Apple Airpods Headphones,1,150,03-04-2019 18:24,"68 Park St, San Francisco, CA 94016"
162846,Bose SoundSport Headphones,1,99.99,03/17/19 12:24,"410 Lincoln St, Dallas, TX 75001"
162847,Lightning Charging Cable,1,14.95,03-03-2019 19:58,"674 2nd St, Atlanta, GA 30301"
162848,Lightning Charging Cable,1,14.95,03-10-2019 21:16,"685 Highland St, San Francisco, CA 94016"
162849,Macbook Pro Laptop,1,1700,03/17/19 09:13,"409 Lake St, San Francisco, CA 94016"
162850,Lightning Charging Cable,1,14.95,03-08-2019 17:13,"454 Adams St, Los Angeles, CA 90001"
162851,Apple Airpods Headphones,1,150,03-07-2019 11:36,"763 Highland St, Boston, MA 02215"
162852,27in FHD Monitor,1,149.99,03/17/19 15:55,"575 Johnson St, Los Angeles, CA 90001"
162853,Wired Headphones,1,11.99,03/14/19 23:10,"696 Jefferson St, Boston, MA 02215"
162854,iPhone,1,700,03/15/19 10:42,"648 Hickory St, Los Angeles, CA 90001"
162854,Lightning Charging Cable,2,14.95,03/15/19 10:42,"648 Hickory St, Los Angeles, CA 90001"
162855,Apple Airpods Headphones,1,150,03/22/19 08:56,"376 Adams St, Atlanta, GA 30301"
162856,Lightning Charging Cable,1,14.95,03/19/19 09:25,"79 Main St, Austin, TX 73301"
162857,34in Ultrawide Monitor,1,379.99,03-05-2019 00:08,"15 Madison St, Los Angeles, CA 90001"
162857,AA Batteries (4-pack),1,3.84,03-05-2019 00:08,"15 Madison St, Los Angeles, CA 90001"
162858,USB-C Charging Cable,1,11.95,03/19/19 23:20,"127 Chestnut St, San Francisco, CA 94016"
162859,Bose SoundSport Headphones,1,99.99,03/27/19 18:57,"969 Walnut St, Los Angeles, CA 90001"
162860,USB-C Charging Cable,1,11.95,03-04-2019 14:12,"153 Chestnut St, San Francisco, CA 94016"
162861,Apple Airpods Headphones,1,150,03/19/19 19:11,"769 5th St, New York City, NY 10001"
162862,Lightning Charging Cable,1,14.95,03/23/19 07:21,"265 1st St, Boston, MA 02215"
162863,USB-C Charging Cable,2,11.95,03-08-2019 16:43,"44 2nd St, New York City, NY 10001"
162864,AA Batteries (4-pack),2,3.84,03/31/19 17:46,"792 Adams St, San Francisco, CA 94016"
162865,Wired Headphones,1,11.99,03/27/19 01:36,"533 Pine St, San Francisco, CA 94016"
162866,AAA Batteries (4-pack),1,2.99,03/26/19 09:24,"43 Hickory St, San Francisco, CA 94016"
162867,USB-C Charging Cable,1,11.95,03/31/19 13:37,"880 Spruce St, Dallas, TX 75001"
162868,27in FHD Monitor,1,149.99,03-04-2019 00:39,"106 Willow St, Los Angeles, CA 90001"
162869,AA Batteries (4-pack),1,3.84,03/31/19 13:27,"626 Lake St, New York City, NY 10001"
162870,Wired Headphones,1,11.99,03/23/19 08:12,"782 Adams St, Austin, TX 73301"
162871,Bose SoundSport Headphones,1,99.99,03/16/19 10:06,"606 Chestnut St, New York City, NY 10001"
162872,USB-C Charging Cable,1,11.95,03/18/19 09:22,"881 Adams St, Atlanta, GA 30301"
162873,Flatscreen TV,1,300,03/20/19 16:07,"719 2nd St, New York City, NY 10001"
162874,Apple Airpods Headphones,1,150,03/19/19 15:15,"842 10th St, San Francisco, CA 94016"
162875,Macbook Pro Laptop,1,1700,03/27/19 22:03,"896 Cedar St, Seattle, WA 98101"
162876,AAA Batteries (4-pack),1,2.99,03-11-2019 08:29,"671 12th St, San Francisco, CA 94016"
162877,Google Phone,1,600,03/29/19 11:26,"305 Spruce St, New York City, NY 10001"
162877,Bose SoundSport Headphones,1,99.99,03/29/19 11:26,"305 Spruce St, New York City, NY 10001"
162878,Lightning Charging Cable,1,14.95,03/22/19 18:48,"362 Adams St, New York City, NY 10001"
162879,Apple Airpods Headphones,1,150,03/14/19 17:45,"612 Ridge St, Austin, TX 73301"
162880,Wired Headphones,1,11.99,03/17/19 15:02,"927 Pine St, Boston, MA 02215"
162881,Google Phone,1,600,03-02-2019 15:07,"403 Chestnut St, Dallas, TX 75001"
162882,34in Ultrawide Monitor,1,379.99,03-12-2019 23:10,"345 Forest St, Portland, OR 97035"
162883,Vareebadd Phone,1,400,03/24/19 14:19,"349 Walnut St, New York City, NY 10001"
162883,USB-C Charging Cable,1,11.95,03/24/19 14:19,"349 Walnut St, New York City, NY 10001"
162884,AAA Batteries (4-pack),2,2.99,03-12-2019 19:03,"155 Hill St, Seattle, WA 98101"
162885,AAA Batteries (4-pack),3,2.99,03/31/19 23:28,"784 Elm St, Atlanta, GA 30301"
162886,USB-C Charging Cable,2,11.95,03/20/19 10:13,"231 7th St, Los Angeles, CA 90001"
162887,Lightning Charging Cable,1,14.95,03-09-2019 17:04,"958 11th St, Atlanta, GA 30301"
162888,USB-C Charging Cable,3,11.95,03/24/19 08:55,"156 West St, Los Angeles, CA 90001"
Order ID,Product,Quantity Ordered,Price Each,Order Date,Purchase Address
162889,Bose SoundSport Headphones,1,99.99,03/14/19 14:06,"199 1st St, Atlanta, GA 30301"
162890,Flatscreen TV,1,300,03/24/19 20:59,"956 Park St, San Francisco, CA 94016"
162891,AAA Batteries (4-pack),1,2.99,03/27/19 04:01,"992 Pine St, Seattle, WA 98101"
162892,AA Batteries (4-pack),1,3.84,03-12-2019 10:58,"753 Adams St, Portland, ME 04101"
162893,Apple Airpods Headphones,1,150,03/19/19 12:37,"722 Jackson St, San Francisco, CA 94016"
162894,AA Batteries (4-pack),2,3.84,03/18/19 23:05,"191 Meadow St, Seattle, WA 98101"
162895,Bose SoundSport Headphones,1,99.99,03/15/19 20:06,"924 Church St, San Francisco, CA 94016"
162896,Wired Headphones,1,11.99,03/14/19 18:01,"847 Center St, Boston, MA 02215"
162897,Bose SoundSport Headphones,1,99.99,03-09-2019 13:06,"883 Jackson St, San Francisco, CA 94016"
162898,USB-C Charging Cable,1,11.95,03-07-2019 12:01,"272 Ridge St, Atlanta, GA 30301"
162899,34in Ultrawide Monitor,1,379.99,03/17/19 19:42,"577 Lincoln St, Dallas, TX 75001"
162900,27in FHD Monitor,1,149.99,03/27/19 05:38,"300 Church St, Seattle, WA 98101"
162901,Lightning Charging Cable,1,14.95,03/13/19 23:24,"803 12th St, Atlanta, GA 30301"
162902,Google Phone,1,600,03/20/19 10:21,"160 Pine St, San Francisco, CA 94016"
162903,AAA Batteries (4-pack),2,2.99,03/27/19 12:02,"901 Lake St, San Francisco, CA 94016"
162904,AA Batteries (4-pack),1,3.84,03/14/19 17:06,"77 River St, New York City, NY 10001"
162905,Apple Airpods Headphones,1,150,03/20/19 18:09,"842 Washington St, Boston, MA 02215"
162906,27in FHD Monitor,1,149.99,03-07-2019 18:49,"993 2nd St, Boston, MA 02215"
162907,AA Batteries (4-pack),1,3.84,03-06-2019 10:25,"126 Ridge St, Seattle, WA 98101"
162908,Macbook Pro Laptop,1,1700,03/23/19 09:57,"507 1st St, Los Angeles, CA 90001"
162909,27in FHD Monitor,1,149.99,03/17/19 17:50,"319 Lake St, Seattle, WA 98101"
162910,iPhone,1,700,03-10-2019 12:42,"816 Pine St, Seattle, WA 98101"
162911,AAA Batteries (4-pack),1,2.99,03/28/19 13:49,"501 Pine St, Los Angeles, CA 90001"
162912,Bose SoundSport Headphones,1,99.99,03-02-2019 22:56,"326 4th St, Boston, MA 02215"
162913,AA Batteries (4-pack),3,3.84,03/30/19 19:47,"701 Highland St, New York City, NY 10001"
162914,Google Phone,1,600,03/26/19 17:53,"728 Pine St, New York City, NY 10001"
162915,USB-C Charging Cable,1,11.95,03-11-2019 10:09,"905 Meadow St, New York City, NY 10001"
162916,Flatscreen TV,1,300,03-10-2019 19:22,"485 South St, New York City, NY 10001"
162917,Apple Airpods Headphones,1,150,03-10-2019 12:07,"654 River St, Atlanta, GA 30301"
162918,AA Batteries (4-pack),1,3.84,03/16/19 08:46,"247 Lake St, Austin, TX 73301"
162919,27in FHD Monitor,1,149.99,03-02-2019 14:21,"432 Chestnut St, Los Angeles, CA 90001"
162920,AA Batteries (4-pack),1,3.84,03/26/19 22:43,"723 Pine St, Austin, TX 73301"
162921,AAA Batteries (4-pack),1,2.99,03/25/19 18:59,"308 Maple St, Boston, MA 02215"
162922,Bose SoundSport Headphones,1,99.99,03/28/19 15:04,"788 Maple St, Los Angeles, CA 90001"
162923,34in Ultrawide Monitor,1,379.99,03-09-2019 00:17,"746 Lakeview St, Atlanta, GA 30301"
162924,AAA Batteries (4-pack),1,2.99,03-02-2019 20:27,"971 River St, San Francisco, CA 94016"
162925,Bose SoundSport Headphones,1,99.99,03/24/19 08:15,"994 West St, Los Angeles, CA 90001"
162926,Apple Airpods Headphones,1,150,03/30/19 21:34,"558 South St, Portland, OR 97035"
162927,Apple Airpods Headphones,1,150,03/24/19 19:20,"800 Sunset St, New York City, NY 10001"
162928,AA Batteries (4-pack),1,3.84,03/26/19 22:23,"292 Cedar St, San Francisco, CA 94016"
162929,AAA Batteries (4-pack),2,2.99,03/26/19 15:43,"17 Hickory St, San Francisco, CA 94016"
162930,27in FHD Monitor,1,149.99,03/22/19 14:22,"715 12th St, San Francisco, CA 94016"
162931,Wired Headphones,1,11.99,03/24/19 18:48,"867 Spruce St, Seattle, WA 98101"
162932,Apple Airpods Headphones,1,150,03-04-2019 08:41,"227 5th St, Los Angeles, CA 90001"
162933,Bose SoundSport Headphones,1,99.99,03-12-2019 12:05,"464 2nd St, Atlanta, GA 30301"
162934,Vareebadd Phone,1,400,03-11-2019 10:10,"787 Ridge St, San Francisco, CA 94016"
162934,USB-C Charging Cable,1,11.95,03-11-2019 10:10,"787 Ridge St, San Francisco, CA 94016"
162935,USB-C Charging Cable,1,11.95,03/15/19 12:47,"527 Forest St, Atlanta, GA 30301"
162936,AAA Batteries (4-pack),2,2.99,03/13/19 12:46,"900 12th St, San Francisco, CA 94016"
162937,Apple Airpods Headphones,1,150,03-10-2019 12:54,"698 Lake St, Seattle, WA 98101"
162938,AAA Batteries (4-pack),1,2.99,03/25/19 06:39,"877 14th St, Los Angeles, CA 90001"
162939,34in Ultrawide Monitor,1,379.99,03/24/19 10:34,"885 4th St, Los Angeles, CA 90001"
162940,ThinkPad Laptop,1,999.99,03-04-2019 16:36,"426 Highland St, San Francisco, CA 94016"
162941,AA Batteries (4-pack),2,3.84,03-07-2019 07:35,"241 1st St, San Francisco, CA 94016"
162942,Wired Headphones,1,11.99,03/21/19 13:58,"623 7th St, Boston, MA 02215"
162943,iPhone,1,700,03/22/19 19:49,"746 Jefferson St, San Francisco, CA 94016"
162944,27in 4K Gaming Monitor,1,389.99,03/24/19 05:05,"799 Center St, New York City, NY 10001"
162945,Wired Headphones,1,11.99,03/15/19 17:50,"377 Chestnut St, Los Angeles, CA 90001"
162946,Google Phone,1,600,03/19/19 11:12,"709 Walnut St, San Francisco, CA 94016"
162947,Lightning Charging Cable,1,14.95,03-12-2019 13:55,"213 Jefferson St, New York City, NY 10001"
162948,Google Phone,1,600,03/13/19 11:24,"508 Chestnut St, Boston, MA 02215"
162949,Flatscreen TV,1,300,03/17/19 17:16,"390 12th St, New York City, NY 10001"
162950,27in 4K Gaming Monitor,1,389.99,03/14/19 10:15,"618 West St, Austin, TX 73301"
162951,USB-C Charging Cable,1,11.95,03/19/19 09:00,"991 Cherry St, San Francisco, CA 94016"
162952,Apple Airpods Headphones,1,150,03-05-2019 12:57,"95 6th St, New York City, NY 10001"
162953,Wired Headphones,1,11.99,03/19/19 15:14,"865 Chestnut St, Austin, TX 73301"
162954,USB-C Charging Cable,1,11.95,03/16/19 12:07,"102 Jackson St, San Francisco, CA 94016"
162955,iPhone,1,700,03-01-2019 17:56,"151 South St, Seattle, WA 98101"
162955,Lightning Charging Cable,1,14.95,03-01-2019 17:56,"151 South St, Seattle, WA 98101"
162956,AAA Batteries (4-pack),1,2.99,03-11-2019 17:21,"569 Elm St, Atlanta, GA 30301"
162957,Apple Airpods Headphones,1,150,03-08-2019 11:13,"399 South St, Atlanta, GA 30301"
162958,AAA Batteries (4-pack),2,2.99,03/26/19 18:01,"31 River St, Boston, MA 02215"
162959,Wired Headphones,1,11.99,03-01-2019 23:21,"52 Sunset St, Atlanta, GA 30301"
162960,USB-C Charging Cable,1,11.95,03/20/19 18:17,"71 Madison St, Los Angeles, CA 90001"
162961,AAA Batteries (4-pack),2,2.99,03/17/19 14:16,"573 7th St, Portland, OR 97035"
162962,AA Batteries (4-pack),2,3.84,03-12-2019 19:33,"669 Washington St, Dallas, TX 75001"
162963,Bose SoundSport Headphones,1,99.99,03/18/19 14:29,"695 1st St, Portland, OR 97035"
162964,AAA Batteries (4-pack),1,2.99,03/27/19 17:14,"395 Johnson St, New York City, NY 10001"
162965,Lightning Charging Cable,1,14.95,03-06-2019 16:00,"40 Center St, San Francisco, CA 94016"
162966,Wired Headphones,1,11.99,03/20/19 18:13,"115 Center St, San Francisco, CA 94016"
162967,Bose SoundSport Headphones,1,99.99,03/29/19 13:48,"173 5th St, Seattle, WA 98101"
162968,AAA Batteries (4-pack),1,2.99,03/25/19 15:31,"891 14th St, Austin, TX 73301"
162969,Lightning Charging Cable,1,14.95,03-12-2019 12:46,"903 Jackson St, San Francisco, CA 94016"
162970,USB-C Charging Cable,1,11.95,03/29/19 18:48,"43 2nd St, Los Angeles, CA 90001"
162971,AAA Batteries (4-pack),2,2.99,03/29/19 19:07,"294 Willow St, Atlanta, GA 30301"
162972,USB-C Charging Cable,1,11.95,03-03-2019 18:53,"697 Lakeview St, Portland, ME 04101"
162973,AA Batteries (4-pack),5,3.84,03-04-2019 00:08,"650 8th St, Portland, OR 97035"
162974,27in 4K Gaming Monitor,1,389.99,03/29/19 18:43,"879 Meadow St, Seattle, WA 98101"
162975,Lightning Charging Cable,1,14.95,03-08-2019 13:53,"721 Main St, New York City, NY 10001"
162976,20in Monitor,1,109.99,03/17/19 02:54,"497 4th St, New York City, NY 10001"
162977,Flatscreen TV,1,300,03/25/19 07:24,"940 South St, Boston, MA 02215"
162978,USB-C Charging Cable,1,11.95,03/21/19 09:27,"310 5th St, Portland, OR 97035"
162979,iPhone,1,700,03/22/19 11:41,"791 13th St, Los Angeles, CA 90001"
162980,AA Batteries (4-pack),1,3.84,03/24/19 19:53,"466 West St, Austin, TX 73301"
162981,AAA Batteries (4-pack),2,2.99,03-08-2019 11:08,"743 Sunset St, New York City, NY 10001"
162982,Lightning Charging Cable,1,14.95,03-09-2019 05:58,"605 Main St, Portland, OR 97035"
162983,USB-C Charging Cable,1,11.95,03/30/19 14:40,"22 Forest St, Dallas, TX 75001"
162984,Flatscreen TV,1,300,03-06-2019 11:51,"675 Pine St, New York City, NY 10001"
162985,Wired Headphones,1,11.99,03/22/19 16:25,"489 Forest St, Los Angeles, CA 90001"
162986,Apple Airpods Headphones,1,150,03/22/19 01:15,"269 Walnut St, Los Angeles, CA 90001"
162987,AA Batteries (4-pack),1,3.84,03/18/19 14:55,"514 River St, New York City, NY 10001"
162988,Google Phone,1,600,03/27/19 17:49,"493 Walnut St, New York City, NY 10001"
